Abrocoma_bennettii_ABROCOMIDAE_RODENTIA	Abrocoma	ABROCOMIDAE	RODENTIA	23	sampled	PC14_GuineaPigRelated
Acrobates_pygmaeus_ACROBATIDAE_DIPROTODONTIA	Acrobates	ACROBATIDAE	DIPROTODONTIA	21	sampled	PC1_Marsupials
Ailurus_fulgens_AILURIDAE_CARNIVORA	Ailurus	AILURIDAE	CARNIVORA	25	sampled	PC22_Carnivora
Anomalurus_beecrofti_ANOMALURIDAE_RODENTIA	Anomalurus	ANOMALURIDAE	RODENTIA	25	sampled	PC26_Anomaluromorpha
Antilocapra_americana_ANTILOCAPRIDAE_CETARTIODACTYLA	Antilocapra	ANTILOCAPRIDAE	CETARTIODACTYLA	26	sampled	PC20_Cetartiodactyla
Aotus_trivirgatus_AOTIDAE_PRIMATES	Aotus	AOTIDAE	PRIMATES	18	sampled	PC5_Primates
Aplodontia_rufa_APLODONTIIDAE_RODENTIA	Aplodontia	APLODONTIIDAE	RODENTIA	24	sampled	PC13_SquirrelRelated
Ateles_fusciceps_ATELIDAE_PRIMATES	Ateles	ATELIDAE	PRIMATES	27	sampled	PC5_Primates
Archaeolemur_majori_Archaeolemuridae_PRIMATES	Archaeolemur	Archaeolemuridae	PRIMATES	1	sampled	PC5_Primates
Eubalaena_australis_BALAENIDAE_CETARTIODACTYLA	Eubalaena	BALAENIDAE	CETARTIODACTYLA	27	sampled	PC20_Cetartiodactyla
Balaenoptera_acutorostrata_BALAENOPTERIDAE_CETARTIODACTYLA	Balaenoptera	BALAENOPTERIDAE	CETARTIODACTYLA	28	sampled	PC20_Cetartiodactyla
Fukomys_damarensis_BATHYERGIDAE_RODENTIA	Fukomys	BATHYERGIDAE	RODENTIA	23	sampled	PC14_GuineaPigRelated
Bison_bison_BOVIDAE_CETARTIODACTYLA	Bison	BOVIDAE	CETARTIODACTYLA	31	sampled	PC20_Cetartiodactyla
Bradypus_tridactylus_BRADYPODIDAE_PILOSA	Bradypus	BRADYPODIDAE	PILOSA	26	sampled	PC3_Xenarthra
Cercartetus_nanus_BURRAMYIDAE_DIPROTODONTIA	Cercartetus	BURRAMYIDAE	DIPROTODONTIA	22	sampled	PC1_Marsupials
Caenolestes_fuliginosus_CAENOLESTIDAE_PAUCITUBERCULATA	Caenolestes	CAENOLESTIDAE	PAUCITUBERCULATA	30	sampled	PC1_Marsupials
Callithrix_jacchus_CALLITRICHIDAE_PRIMATES	Callithrix	CALLITRICHIDAE	PRIMATES	30	sampled	PC5_Primates
Calomyscus_baluchi_CALOMYSCIDAE_RODENTIA	Calomyscus	CALOMYSCIDAE	RODENTIA	3	sampled	PC27_Calomyscidae
Lama_glama_CAMELIDAE_CETARTIODACTYLA	Lama	CAMELIDAE	CETARTIODACTYLA	31	sampled	PC20_Cetartiodactyla
Canis_lupus_CANIDAE_CARNIVORA	Canis	CANIDAE	CARNIVORA	27	sampled	PC22_Carnivora
Capromys_pilorides_CAPROMYIDAE_RODENTIA	Capromys	CAPROMYIDAE	RODENTIA	23	sampled	PC14_GuineaPigRelated
Castor_canadensis_CASTORIDAE_RODENTIA	Castor	CASTORIDAE	RODENTIA	28	sampled	PC7_Castorimorpha
Cavia_porcellus_CAVIIDAE_RODENTIA	Cavia	CAVIIDAE	RODENTIA	28	sampled	PC14_GuineaPigRelated
Saimiri_boliviensis_CEBIDAE_PRIMATES	Saimiri	CEBIDAE	PRIMATES	27	sampled	PC5_Primates
Macaca_fascicularis_CERCOPITHECIDAE_PRIMATES	Macaca	CERCOPITHECIDAE	PRIMATES	28	sampled	PC5_Primates
Cervus_nippon_CERVIDAE_CETARTIODACTYLA	Cervus	CERVIDAE	CETARTIODACTYLA	30	sampled	PC20_Cetartiodactyla
Chaeropus_ecaudatus_CHAEROPODIDAE_PERAMELEMORPHIA	Chaeropus	CHAEROPODIDAE	PERAMELEMORPHIA	1	sampled	PC1_Marsupials
Microcebus_murinus_CHEIROGALEIDAE_PRIMATES	Microcebus	CHEIROGALEIDAE	PRIMATES	24	sampled	PC5_Primates
Chinchilla_lanigera_CHINCHILLIDAE_RODENTIA	Chinchilla	CHINCHILLIDAE	RODENTIA	28	sampled	PC14_GuineaPigRelated
Chrysochloris_asiatica_CHRYSOCHLORIDAE_AFROSORICIDA	Chrysochloris	CHRYSOCHLORIDAE	AFROSORICIDA	29	sampled	PC2_Afrotheria
Craseonycteris_thonglongyai_CRASEONYCTERIDAE_CHIROPTERA	Craseonycteris	CRASEONYCTERIDAE	CHIROPTERA	20	sampled	PC19_Yinpterochiroptera
Cricetulus_barabensis_CRICETIDAE_RODENTIA	Cricetulus	CRICETIDAE	RODENTIA	30	sampled	PC12_Cricetidae
Ctenodactylus_gundi_CTENODACTYLIDAE_RODENTIA	Ctenodactylus	CTENODACTYLIDAE	RODENTIA	25	sampled	PC14_GuineaPigRelated
Ctenomys_boliviensis_CTENOMYIDAE_RODENTIA	Ctenomys	CTENOMYIDAE	RODENTIA	25	sampled	PC14_GuineaPigRelated
Cuniculus_taczanowskii_CUNICULIDAE_RODENTIA	Cuniculus	CUNICULIDAE	RODENTIA	27	sampled	PC14_GuineaPigRelated
Cyclopes_didactylus_CYCLOPEDIDAE_PILOSA	Cyclopes	CYCLOPEDIDAE	PILOSA	25	sampled	PC3_Xenarthra
Galeopterus_variegatus_CYNOCEPHALIDAE_DERMOPTERA	Galeopterus	CYNOCEPHALIDAE	DERMOPTERA	28	sampled	PC25_Dermoptera
Dasypus_novemcinctus_DASYPODIDAE_CINGULATA	Dasypus	DASYPODIDAE	CINGULATA	29	sampled	PC3_Xenarthra
Dasyprocta_punctata_DASYPROCTIDAE_RODENTIA	Dasyprocta	DASYPROCTIDAE	RODENTIA	23	sampled	PC14_GuineaPigRelated
Dasyurus_albopunctatus_DASYURIDAE_DASYUROMORPHIA	Dasyurus	DASYURIDAE	DASYUROMORPHIA	26	sampled	PC1_Marsupials
Daubentonia_madagascariensis_DAUBENTONIIDAE_PRIMATES	Daubentonia	DAUBENTONIIDAE	PRIMATES	28	sampled	PC5_Primates
Tursiops_truncatus_DELPHINIDAE_CETARTIODACTYLA	Tursiops	DELPHINIDAE	CETARTIODACTYLA	31	sampled	PC20_Cetartiodactyla
Laonastes_aenigmamus_DIATOMYIDAE_RODENTIA	Laonastes	DIATOMYIDAE	RODENTIA	24	sampled	PC14_GuineaPigRelated
Monodelphis_domestica_DIDELPHIDAE_DIDELPHIMORPHIA	Monodelphis	DIDELPHIDAE	DIDELPHIMORPHIA	31	sampled	PC1_Marsupials
Dinomys_branickii_DINOMYIDAE_RODENTIA	Dinomys	DINOMYIDAE	RODENTIA	24	sampled	PC14_GuineaPigRelated
Jaculus_jaculus_DIPODIDAE_RODENTIA	Jaculus	DIPODIDAE	RODENTIA	24	sampled	PC8_Dipodidae
Dugong_dugon_DUGONGIDAE_SIRENIA	Dugong	DUGONGIDAE	SIRENIA	29	sampled	PC2_Afrotheria
Hoplomys_gymnurus_ECHIMYIDAE_RODENTIA	Hoplomys	ECHIMYIDAE	RODENTIA	20	sampled	PC14_GuineaPigRelated
Loxodonta_africana_ELEPHANTIDAE_PROBOSCIDEA	Loxodonta	ELEPHANTIDAE	PROBOSCIDEA	30	sampled	PC2_Afrotheria
Saccopteryx_bilineata_EMBALLONURIDAE_CHIROPTERA	Saccopteryx	EMBALLONURIDAE	CHIROPTERA	22	sampled	PC18_EmballonuridRelated
Equus_caballus_EQUIDAE_PERISSODACTYLA	Equus	EQUIDAE	PERISSODACTYLA	31	sampled	PC21_Perissodactyla
Erethizon_dorsatum_ERETHIZONTIDAE_RODENTIA	Erethizon	ERETHIZONTIDAE	RODENTIA	29	sampled	PC14_GuineaPigRelated
Erinaceus_europaeus_ERINACEIDAE_EULIPOTYPHLA	Erinaceus	ERINACEIDAE	EULIPOTYPHLA	29	sampled	PC15_Eulipotyphla
Eschrichtius_robustus_ESCHRICHTIIDAE_CETARTIODACTYLA	Eschrichtius	ESCHRICHTIIDAE	CETARTIODACTYLA	28	sampled	PC20_Cetartiodactyla
Fossa_fossana_EUPLERIDAE_CARNIVORA	Fossa	EUPLERIDAE	CARNIVORA	28	sampled	PC22_Carnivora
Panthera_tigris_FELIDAE_CARNIVORA	Panthera	FELIDAE	CARNIVORA	31	sampled	PC22_Carnivora
Furipterus_horrens_FURIPTERIDAE_CHIROPTERA	Furipterus	FURIPTERIDAE	CHIROPTERA	22	sampled	PC16_PhyllostomidRelated
Otolemur_garnettii_GALAGIDAE_PRIMATES	Otolemur	GALAGIDAE	PRIMATES	28	sampled	PC5_Primates
Cratogeomys_castanops_GEOMYIDAE_RODENTIA	Cratogeomys	GEOMYIDAE	RODENTIA	20	sampled	PC7_Castorimorpha
Okapia_johnstoni_GIRAFFIDAE_CETARTIODACTYLA	Okapia	GIRAFFIDAE	CETARTIODACTYLA	31	sampled	PC20_Cetartiodactyla
Graphiurus_murinus_GLIRIDAE_RODENTIA	Graphiurus	GLIRIDAE	RODENTIA	23	sampled	PC13_SquirrelRelated
Suricata_suricatta_HERPESTIDAE_CARNIVORA	Suricata	HERPESTIDAE	CARNIVORA	25	sampled	PC22_Carnivora
Heterocephalus_glaber_HETEROCEPHALIDAE_RODENTIA	Heterocephalus	HETEROCEPHALIDAE	RODENTIA	29	sampled	PC14_GuineaPigRelated
Dipodomys_heermanni_HETEROMYIDAE_RODENTIA	Dipodomys	HETEROMYIDAE	RODENTIA	24	sampled	PC7_Castorimorpha
Hippopotamus_amphibius_HIPPOPOTAMIDAE_CETARTIODACTYLA	Hippopotamus	HIPPOPOTAMIDAE	CETARTIODACTYLA	28	sampled	PC20_Cetartiodactyla
Hipposideros_commersoni_HIPPOSIDERIDAE_CHIROPTERA	Hipposideros	HIPPOSIDERIDAE	CHIROPTERA	28	sampled	PC19_Yinpterochiroptera
Gorilla_gorilla_HOMINIDAE_PRIMATES	Gorilla	HOMINIDAE	PRIMATES	30	sampled	PC5_Primates
Crocuta_crocuta_HYAENIDAE_CARNIVORA	Crocuta	HYAENIDAE	CARNIVORA	31	sampled	PC22_Carnivora
Nomascus_leucogenys_HYLOBATIDAE_PRIMATES	Nomascus	HYLOBATIDAE	PRIMATES	29	sampled	PC5_Primates
Hypsiprymnodon_moschatus_HYPSIPRYMNODONTIDAE_DIPROTODONTIA	Hypsiprymnodon	HYPSIPRYMNODONTIDAE	DIPROTODONTIA	28	sampled	PC1_Marsupials
Hystrix_brachyura_HYSTRICIDAE_RODENTIA	Hystrix	HYSTRICIDAE	RODENTIA	25	sampled	PC14_GuineaPigRelated
Propithecus_verreauxi_INDRIIDAE_PRIMATES	Propithecus	INDRIIDAE	PRIMATES	27	sampled	PC5_Primates
Inia_geoffrensis_INIIDAE_CETARTIODACTYLA	Inia	INIIDAE	CETARTIODACTYLA	26	sampled	PC20_Cetartiodactyla
Lemur_catta_LEMURIDAE_PRIMATES	Lemur	LEMURIDAE	PRIMATES	29	sampled	PC5_Primates
Lepilemur_jamesorum_LEPILEMURIDAE_PRIMATES	Lepilemur	LEPILEMURIDAE	PRIMATES	12	sampled	PC5_Primates
Oryctolagus_cuniculus_LEPORIDAE_LAGOMORPHA	Oryctolagus	LEPORIDAE	LAGOMORPHA	28	sampled	PC6_Lagomorpha
Nycticebus_coucang_LORISIDAE_PRIMATES	Nycticebus	LORISIDAE	PRIMATES	29	sampled	PC5_Primates
Macropus_eugenii_MACROPODIDAE_DIPROTODONTIA	Macropus	MACROPODIDAE	DIPROTODONTIA	22	sampled	PC1_Marsupials
Rhynchocyon_petersi_MACROSCELIDIDAE_MACROSCELIDEA	Rhynchocyon	MACROSCELIDIDAE	MACROSCELIDEA	27	sampled	PC2_Afrotheria
Manis_pentadactyla_MANIDAE_PHOLIDOTA	Manis	MANIDAE	PHOLIDOTA	29	sampled	PC24_Pholidota
Megaderma_lyra_MEGADERMATIDAE_CHIROPTERA	Megaderma	MEGADERMATIDAE	CHIROPTERA	27	sampled	PC19_Yinpterochiroptera
Choloepus_hoffmanni_MEGALONYCHIDAE_PILOSA	Choloepus	MEGALONYCHIDAE	PILOSA	23	sampled	PC3_Xenarthra
Mephitis_mephitis_MEPHITIDAE_CARNIVORA	Mephitis	MEPHITIDAE	CARNIVORA	31	sampled	PC22_Carnivora
Dromiciops_gliroides_MICROBIOTHERIIDAE_MICROBIOTHERIA	Dromiciops	MICROBIOTHERIIDAE	MICROBIOTHERIA	26	sampled	PC1_Marsupials
Tadarida_brasiliensis_MOLOSSIDAE_CHIROPTERA	Tadarida	MOLOSSIDAE	CHIROPTERA	28	sampled	PC17_VespertilionidRelated
Delphinapterus_leucas_MONODONTIDAE_CETARTIODACTYLA	Delphinapterus	MONODONTIDAE	CETARTIODACTYLA	24	sampled	PC20_Cetartiodactyla
Pteronotus_parnellii_MORMOOPIDAE_CHIROPTERA	Pteronotus	MORMOOPIDAE	CHIROPTERA	30	sampled	PC16_PhyllostomidRelated
Moschus_moschiferus_MOSCHIDAE_CETARTIODACTYLA	Moschus	MOSCHIDAE	CETARTIODACTYLA	18	sampled	PC20_Cetartiodactyla
Rattus_norvegicus_MURIDAE_RODENTIA	Rattus	MURIDAE	RODENTIA	31	sampled	PC11_Muridae
Meles_meles_MUSTELIDAE_CARNIVORA	Meles	MUSTELIDAE	CARNIVORA	30	sampled	PC22_Carnivora
Myocastor_coypus_MYOCASTORIDAE_RODENTIA	Myocastor	MYOCASTORIDAE	RODENTIA	27	sampled	PC14_GuineaPigRelated
Myrmecobius_fasciatus_MYRMECOBIIDAE_DASYUROMORPHIA	Myrmecobius	MYRMECOBIIDAE	DASYUROMORPHIA	29	sampled	PC1_Marsupials
Myrmecophaga_tridactyla_MYRMECOPHAGIDAE_PILOSA	Myrmecophaga	MYRMECOPHAGIDAE	PILOSA	28	sampled	PC3_Xenarthra
Mystacina_tuberculata_MYSTACINIDAE_CHIROPTERA	Mystacina	MYSTACINIDAE	CHIROPTERA	21	sampled	PC16_PhyllostomidRelated
Myzopoda_aurita_MYZOPODIDAE_CHIROPTERA	Myzopoda	MYZOPODIDAE	CHIROPTERA	16	sampled	PC16_PhyllostomidRelated
Mammuthus_primigenius_Mammutidae_PROBOSCIDEA	Mammuthus	Mammutidae	PROBOSCIDEA	5	sampled	PC2_Afrotheria
Megaladapis_edwardsi_Megaladapidae_PRIMATES	Megaladapis	Megaladapidae	PRIMATES	3	sampled	PC5_Primates
Mylodon_darwinii_Mylodontidae_PILOSA	Mylodon	Mylodontidae	PILOSA	1	sampled	PC3_Xenarthra
Nandinia_binotata_NANDINIIDAE_CARNIVORA	Nandinia	NANDINIIDAE	CARNIVORA	25	sampled	PC22_Carnivora
Natalus_stramineus_NATALIDAE_CHIROPTERA	Natalus	NATALIDAE	CHIROPTERA	25	sampled	PC17_VespertilionidRelated
Caperea_marginata_NEOBALAENIDAE_CETARTIODACTYLA	Caperea	NEOBALAENIDAE	CETARTIODACTYLA	23	sampled	PC20_Cetartiodactyla
Cricetomys_gambianus_NESOMYIDAE_RODENTIA	Cricetomys	NESOMYIDAE	RODENTIA	8	sampled	PC10_Nesomyidae
Nesophontes_edithae_NESOPHONTIDAE_EULIPOTYPHLA	Nesophontes	NESOPHONTIDAE	EULIPOTYPHLA	0	imputed	PC15_Eulipotyphla
Noctilio_albiventris_NOCTILIONIDAE_CHIROPTERA	Noctilio	NOCTILIONIDAE	CHIROPTERA	21	sampled	PC16_PhyllostomidRelated
Notoryctes_typhlops_NOTORYCTIDAE_NOTORYCTEMORPHIA	Notoryctes	NOTORYCTIDAE	NOTORYCTEMORPHIA	26	sampled	PC1_Marsupials
Nycteris_thebaica_NYCTERIDAE_CHIROPTERA	Nycteris	NYCTERIDAE	CHIROPTERA	16	sampled	PC18_EmballonuridRelated
Nothrotheriops_shastensis_Nothrotheriidae_PILOSA	Nothrotheriops	Nothrotheriidae	PILOSA	1	sampled	PC3_Xenarthra
Ochotona_princeps_OCHOTONIDAE_LAGOMORPHA	Ochotona	OCHOTONIDAE	LAGOMORPHA	29	sampled	PC6_Lagomorpha
Octodon_degus_OCTODONTIDAE_RODENTIA	Octodon	OCTODONTIDAE	RODENTIA	28	sampled	PC14_GuineaPigRelated
Odobenus_rosmarus_ODOBENIDAE_CARNIVORA	Odobenus	ODOBENIDAE	CARNIVORA	29	sampled	PC22_Carnivora
Ornithorhynchus_anatinus_ORNITHORHYNCHIDAE_MONOTREMATA	Ornithorhynchus	ORNITHORHYNCHIDAE	MONOTREMATA	22	sampled	PC23_Monotremata
Orycteropus_afer_ORYCTEROPODIDAE_TUBULIDENTATA	Orycteropus	ORYCTEROPODIDAE	TUBULIDENTATA	27	sampled	PC2_Afrotheria
Arctocephalus_forsteri_OTARIIDAE_CARNIVORA	Arctocephalus	OTARIIDAE	CARNIVORA	27	sampled	PC22_Carnivora
Palaeopropithecus_ingens_PALAEOPROPITHECIDAE_PRIMATES	Palaeopropithecus	PALAEOPROPITHECIDAE	PRIMATES	4	sampled	PC5_Primates
Pedetes_capensis_PEDETIDAE_RODENTIA	Pedetes	PEDETIDAE	RODENTIA	25	sampled	PC26_Anomaluromorpha
Isoodon_macrourus_PERAMELIDAE_PERAMELEMORPHIA	Isoodon	PERAMELIDAE	PERAMELEMORPHIA	31	sampled	PC1_Marsupials
Petaurus_breviceps_PETAURIDAE_DIPROTODONTIA	Petaurus	PETAURIDAE	DIPROTODONTIA	29	sampled	PC1_Marsupials
Petromus_typicus_PETROMURIDAE_RODENTIA	Petromus	PETROMURIDAE	RODENTIA	27	sampled	PC14_GuineaPigRelated
Trichosurus_vulpecula_PHALANGERIDAE_DIPROTODONTIA	Trichosurus	PHALANGERIDAE	DIPROTODONTIA	29	sampled	PC1_Marsupials
Phascolarctos_cinereus_PHASCOLARCTIDAE_DIPROTODONTIA	Phascolarctos	PHASCOLARCTIDAE	DIPROTODONTIA	29	sampled	PC1_Marsupials
Leptonychotes_weddellii_PHOCIDAE_CARNIVORA	Leptonychotes	PHOCIDAE	CARNIVORA	29	sampled	PC22_Carnivora
Phocoena_phocoena_PHOCOENIDAE_CETARTIODACTYLA	Phocoena	PHOCOENIDAE	CETARTIODACTYLA	27	sampled	PC20_Cetartiodactyla
Artibeus_jamaicensis_PHYLLOSTOMIDAE_CHIROPTERA	Artibeus	PHYLLOSTOMIDAE	CHIROPTERA	29	sampled	PC16_PhyllostomidRelated
Physeter_macrocephalus_PHYSETERIDAE_CETARTIODACTYLA	Physeter	PHYSETERIDAE	CETARTIODACTYLA	30	sampled	PC20_Cetartiodactyla
Cacajao_calvus_PITHECIIDAE_PRIMATES	Cacajao	PITHECIIDAE	PRIMATES	19	sampled	PC5_Primates
Typhlomys_cinereus_PLATACANTHOMYIDAE_RODENTIA	Typhlomys	PLATACANTHOMYIDAE	RODENTIA	3	sampled	PC28_Platacanthomyidae
Platanista_gangetica_PLATANISTIDAE_CETARTIODACTYLA	Platanista	PLATANISTIDAE	CETARTIODACTYLA	25	sampled	PC20_Cetartiodactyla
Aepyprymnus_rufescens_POTOROIDAE_DIPROTODONTIA	Aepyprymnus	POTOROIDAE	DIPROTODONTIA	27	sampled	PC1_Marsupials
Prionodon_linsang_PRIONODONTIDAE_CARNIVORA	Prionodon	PRIONODONTIDAE	CARNIVORA	27	sampled	PC22_Carnivora
Procavia_capensis_PROCAVIIDAE_HYRACOIDEA	Procavia	PROCAVIIDAE	HYRACOIDEA	29	sampled	PC2_Afrotheria
Procyon_lotor_PROCYONIDAE_CARNIVORA	Procyon	PROCYONIDAE	CARNIVORA	29	sampled	PC22_Carnivora
Prolagus_sardus_PROLAGIDAE_LAGOMORPHA	Prolagus	PROLAGIDAE	LAGOMORPHA	0	imputed	PC6_Lagomorpha
Pseudochirops_cupreus_PSEUDOCHEIRIDAE_DIPROTODONTIA	Pseudochirops	PSEUDOCHEIRIDAE	DIPROTODONTIA	27	sampled	PC1_Marsupials
Pteropus_alecto_PTEROPODIDAE_CHIROPTERA	Pteropus	PTEROPODIDAE	CHIROPTERA	30	sampled	PC19_Yinpterochiroptera
Ptilocercus_lowii_PTILOCERCIDAE_SCANDENTIA	Ptilocercus	PTILOCERCIDAE	SCANDENTIA	24	sampled	PC4_Scandentia
Ceratotherium_simum_RHINOCEROTIDAE_PERISSODACTYLA	Ceratotherium	RHINOCEROTIDAE	PERISSODACTYLA	30	sampled	PC21_Perissodactyla
Rhinolophus_creaghi_RHINOLOPHIDAE_CHIROPTERA	Rhinolophus	RHINOLOPHIDAE	CHIROPTERA	28	sampled	PC19_Yinpterochiroptera
Rhinopoma_hardwickii_RHINOPOMATIDAE_CHIROPTERA	Rhinopoma	RHINOPOMATIDAE	CHIROPTERA	24	sampled	PC19_Yinpterochiroptera
Ictidomys_tridecemlineatus_SCIURIDAE_RODENTIA	Ictidomys	SCIURIDAE	RODENTIA	29	sampled	PC13_SquirrelRelated
Solenodon_paradoxus_SOLENODONTIDAE_EULIPOTYPHLA	Solenodon	SOLENODONTIDAE	EULIPOTYPHLA	19	sampled	PC15_Eulipotyphla
Sorex_araneus_SORICIDAE_EULIPOTYPHLA	Sorex	SORICIDAE	EULIPOTYPHLA	24	sampled	PC15_Eulipotyphla
Spalax_ehrenbergi_SPALACIDAE_RODENTIA	Spalax	SPALACIDAE	RODENTIA	30	sampled	PC9_Spalacidae
Sus_scrofa_SUIDAE_CETARTIODACTYLA	Sus	SUIDAE	CETARTIODACTYLA	30	sampled	PC20_Cetartiodactyla
Tachyglossus_aculeatus_TACHYGLOSSIDAE_MONOTREMATA	Tachyglossus	TACHYGLOSSIDAE	MONOTREMATA	19	sampled	PC23_Monotremata
Talpa_altaica_TALPIDAE_EULIPOTYPHLA	Talpa	TALPIDAE	EULIPOTYPHLA	26	sampled	PC15_Eulipotyphla
Tapirus_indicus_TAPIRIDAE_PERISSODACTYLA	Tapirus	TAPIRIDAE	PERISSODACTYLA	30	sampled	PC21_Perissodactyla
Tarsius_syrichta_TARSIIDAE_PRIMATES	Tarsius	TARSIIDAE	PRIMATES	30	sampled	PC5_Primates
Tarsipes_rostratus_TARSIPEDIDAE_DIPROTODONTIA	Tarsipes	TARSIPEDIDAE	DIPROTODONTIA	24	sampled	PC1_Marsupials
Pecari_tajacu_TAYASSUIDAE_CETARTIODACTYLA	Pecari	TAYASSUIDAE	CETARTIODACTYLA	30	sampled	PC20_Cetartiodactyla
Echinops_telfairi_TENRECIDAE_AFROSORICIDA	Echinops	TENRECIDAE	AFROSORICIDA	25	sampled	PC2_Afrotheria
Thryonomys_swinderianus_THRYONOMYIDAE_RODENTIA	Thryonomys	THRYONOMYIDAE	RODENTIA	26	sampled	PC14_GuineaPigRelated
Thylacinus_cynocephalus_THYLACINIDAE_DASYUROMORPHIA	Thylacinus	THYLACINIDAE	DASYUROMORPHIA	0	imputed	PC1_Marsupials
Macrotis_lagotis_THYLACOMYIDAE_PERAMELEMORPHIA	Macrotis	THYLACOMYIDAE	PERAMELEMORPHIA	28	sampled	PC1_Marsupials
Thyroptera_tricolor_THYROPTERIDAE_CHIROPTERA	Thyroptera	THYROPTERIDAE	CHIROPTERA	18	sampled	PC16_PhyllostomidRelated
Tragulus_napu_TRAGULIDAE_CETARTIODACTYLA	Tragulus	TRAGULIDAE	CETARTIODACTYLA	25	sampled	PC20_Cetartiodactyla
Trichechus_manatus_TRICHECHIDAE_SIRENIA	Trichechus	TRICHECHIDAE	SIRENIA	31	sampled	PC2_Afrotheria
Tupaia_belangeri_TUPAIIDAE_SCANDENTIA	Tupaia	TUPAIIDAE	SCANDENTIA	29	sampled	PC4_Scandentia
Ailuropoda_melanoleuca_URSIDAE_CARNIVORA	Ailuropoda	URSIDAE	CARNIVORA	30	sampled	PC22_Carnivora
Eptesicus_fuscus_VESPERTILIONIDAE_CHIROPTERA	Eptesicus	VESPERTILIONIDAE	CHIROPTERA	30	sampled	PC17_VespertilionidRelated
Genetta_genetta_VIVERRIDAE_CARNIVORA	Genetta	VIVERRIDAE	CARNIVORA	25	sampled	PC22_Carnivora
Vombatus_ursinus_VOMBATIDAE_DIPROTODONTIA	Vombatus	VOMBATIDAE	DIPROTODONTIA	31	sampled	PC1_Marsupials
Mesoplodon_bidens_ZIPHIIDAE_CETARTIODACTYLA	Mesoplodon	ZIPHIIDAE	CETARTIODACTYLA	24	sampled	PC20_Cetartiodactyla
