"Nyctinomops_kalinowskii_MOLOSSIDAE_CHIROPTERA"
"Abrocoma_budini_ABROCOMIDAE_RODENTIA"
"Abrocoma_famatina_ABROCOMIDAE_RODENTIA"
"Abrocoma_shistacea_ABROCOMIDAE_RODENTIA"
"Abrocoma_uspallata_ABROCOMIDAE_RODENTIA"
"Abrocoma_vaccarum_ABROCOMIDAE_RODENTIA"
"Cuscomys_oblativa_ABROCOMIDAE_RODENTIA"
"Anomalurus_derbianus_ANOMALURIDAE_RODENTIA"
"Anomalurus_pelii_ANOMALURIDAE_RODENTIA"
"Anomalurus_pusillus_ANOMALURIDAE_RODENTIA"
"Idiurus_zenkeri_ANOMALURIDAE_RODENTIA"
"Zenkerella_insignis_ANOMALURIDAE_RODENTIA"
"Aotus_brumbacki_AOTIDAE_PRIMATES"
"Aotus_jorgehernandezi_AOTIDAE_PRIMATES"
"Aotus_miconax_AOTIDAE_PRIMATES"
"Archaeolemur_edwardsi_Archaeolemuridae_PRIMATES"
"Alouatta_arctoidea_ATELIDAE_PRIMATES"
"Alouatta_discolor_ATELIDAE_PRIMATES"
"Alouatta_juara_ATELIDAE_PRIMATES"
"Alouatta_nigerrima_ATELIDAE_PRIMATES"
"Alouatta_puruensis_ATELIDAE_PRIMATES"
"Alouatta_ululata_ATELIDAE_PRIMATES"
"Lagothrix_lugens_ATELIDAE_PRIMATES"
"Lagothrix_poeppigii_ATELIDAE_PRIMATES"
"Oreonax_flavicauda_ATELIDAE_PRIMATES"
"Fukomys_anselli_BATHYERGIDAE_RODENTIA"
"Fukomys_foxi_BATHYERGIDAE_RODENTIA"
"Fukomys_ilariae_BATHYERGIDAE_RODENTIA"
"Fukomys_kafuensis_BATHYERGIDAE_RODENTIA"
"Fukomys_ochraceocinereus_BATHYERGIDAE_RODENTIA"
"Fukomys_vandewoestijneae_BATHYERGIDAE_RODENTIA"
"Fukomys_zechi_BATHYERGIDAE_RODENTIA"
"Ammodorcas_clarkei_BOVIDAE_CETARTIODACTYLA"
"Capricornis_rubidus_BOVIDAE_CETARTIODACTYLA"
"Capricornis_thar_BOVIDAE_CETARTIODACTYLA"
"Eudorcas_albonotata_BOVIDAE_CETARTIODACTYLA"
"Eudorcas_rufina_BOVIDAE_CETARTIODACTYLA"
"Gazella_bilkis_BOVIDAE_CETARTIODACTYLA"
"Madoqua_piacentinii_BOVIDAE_CETARTIODACTYLA"
"Oreamnos_harringtoni_BOVIDAE_CETARTIODACTYLA"
"Tragelaphus_buxtoni_BOVIDAE_CETARTIODACTYLA"
"Bradypus_pygmaeus_BRADYPODIDAE_PILOSA"
"Caenolestes_condorensis_CAENOLESTIDAE_PAUCITUBERCULATA"
"Callibella_humilis_CALLITRICHIDAE_PRIMATES"
"Callithrix_flaviceps_CALLITRICHIDAE_PRIMATES"
"Leontopithecus_caissara_CALLITRICHIDAE_PRIMATES"
"Leontopithecus_chrysopygus_CALLITRICHIDAE_PRIMATES"
"Mico_acariensis_CALLITRICHIDAE_PRIMATES"
"Mico_chrysoleucus_CALLITRICHIDAE_PRIMATES"
"Mico_emiliae_CALLITRICHIDAE_PRIMATES"
"Mico_intermedius_CALLITRICHIDAE_PRIMATES"
"Mico_leucippe_CALLITRICHIDAE_PRIMATES"
"Mico_manicorensis_CALLITRICHIDAE_PRIMATES"
"Mico_marcai_CALLITRICHIDAE_PRIMATES"
"Mico_nigriceps_CALLITRICHIDAE_PRIMATES"
"Mico_rondoni_CALLITRICHIDAE_PRIMATES"
"Mico_saterei_CALLITRICHIDAE_PRIMATES"
"Saguinus_leucopus_CALLITRICHIDAE_PRIMATES"
"Calomyscus_elburzensis_CALOMYSCIDAE_RODENTIA"
"Calomyscus_grandis_CALOMYSCIDAE_RODENTIA"
"Calomyscus_mystax_CALOMYSCIDAE_RODENTIA"
"Calomyscus_tsolovi_CALOMYSCIDAE_RODENTIA"
"Calomyscus_urartensis_CALOMYSCIDAE_RODENTIA"
"Dusicyon_avus_CANIDAE_CARNIVORA"
"Vulpes_bengalensis_CANIDAE_CARNIVORA"
"Geocapromys_columbianus_CAPROMYIDAE_RODENTIA"
"Geocapromys_thoracatus_CAPROMYIDAE_RODENTIA"
"Hexolobodon_phenax_CAPROMYIDAE_RODENTIA"
"Isolobodon_montanus_CAPROMYIDAE_RODENTIA"
"Isolobodon_portoricensis_CAPROMYIDAE_RODENTIA"
"Mesocapromys_nanus_CAPROMYIDAE_RODENTIA"
"Mesocapromys_sanfelipensis_CAPROMYIDAE_RODENTIA"
"Mysateles_garridoi_CAPROMYIDAE_RODENTIA"
"Mysateles_gundlachi_CAPROMYIDAE_RODENTIA"
"Mysateles_meridionalis_CAPROMYIDAE_RODENTIA"
"Plagiodontia_ipnaeum_CAPROMYIDAE_RODENTIA"
"Cavia_intermedia_CAVIIDAE_RODENTIA"
"Galea_flavidens_CAVIIDAE_RODENTIA"
"Galea_monasteriensis_CAVIIDAE_RODENTIA"
"Hydrochoerus_isthmius_CAVIIDAE_RODENTIA"
"Microcavia_shiptoni_CAVIIDAE_RODENTIA"
"Cebus_kaapori_CEBIDAE_PRIMATES"
"Sapajus_cay_CEBIDAE_PRIMATES"
"Cercocebus_galeritus_CERCOPITHECIDAE_PRIMATES"
"Cercocebus_sanjei_CERCOPITHECIDAE_PRIMATES"
"Cercopithecus_lomamiensis_CERCOPITHECIDAE_PRIMATES"
"Cercopithecus_sclateri_CERCOPITHECIDAE_PRIMATES"
"Colobus_vellerosus_CERCOPITHECIDAE_PRIMATES"
"Macaca_leucogenys_CERCOPITHECIDAE_PRIMATES"
"Macaca_sinica_CERCOPITHECIDAE_PRIMATES"
"Presbytis_femoralis_CERCOPITHECIDAE_PRIMATES"
"Presbytis_hosei_CERCOPITHECIDAE_PRIMATES"
"Presbytis_natunae_CERCOPITHECIDAE_PRIMATES"
"Presbytis_siamensis_CERCOPITHECIDAE_PRIMATES"
"Procolobus_gordonorum_CERCOPITHECIDAE_PRIMATES"
"Procolobus_kirkii_CERCOPITHECIDAE_PRIMATES"
"Procolobus_pennantii_CERCOPITHECIDAE_PRIMATES"
"Procolobus_preussi_CERCOPITHECIDAE_PRIMATES"
"Procolobus_rufomitratus_CERCOPITHECIDAE_PRIMATES"
"Semnopithecus_ajax_CERCOPITHECIDAE_PRIMATES"
"Semnopithecus_dussumieri_CERCOPITHECIDAE_PRIMATES"
"Semnopithecus_schistaceus_CERCOPITHECIDAE_PRIMATES"
"Axis_calamianensis_CERVIDAE_CETARTIODACTYLA"
"Cervus_wallichi_CERVIDAE_CETARTIODACTYLA"
"Mazama_bricenii_CERVIDAE_CETARTIODACTYLA"
"Mazama_chunyi_CERVIDAE_CETARTIODACTYLA"
"Muntiacus_atherodes_CERVIDAE_CETARTIODACTYLA"
"Muntiacus_gongshanensis_CERVIDAE_CETARTIODACTYLA"
"Muntiacus_montanus_CERVIDAE_CETARTIODACTYLA"
"Muntiacus_puhoatensis_CERVIDAE_CETARTIODACTYLA"
"Muntiacus_vaginalis_CERVIDAE_CETARTIODACTYLA"
"Rusa_marianna_CERVIDAE_CETARTIODACTYLA"
"Cheirogaleus_minusculus_CHEIROGALEIDAE_PRIMATES"
"Microcebus_arnholdi_CHEIROGALEIDAE_PRIMATES"
"Microcebus_danfossi_CHEIROGALEIDAE_PRIMATES"
"Microcebus_jollyae_CHEIROGALEIDAE_PRIMATES"
"Microcebus_mamiratra_CHEIROGALEIDAE_PRIMATES"
"Microcebus_margotmarshae_CHEIROGALEIDAE_PRIMATES"
"Phaner_electromontis_CHEIROGALEIDAE_PRIMATES"
"Phaner_pallescens_CHEIROGALEIDAE_PRIMATES"
"Phaner_parienti_CHEIROGALEIDAE_PRIMATES"
"Lagostomus_crassus_CHINCHILLIDAE_RODENTIA"
"Amblysomus_corriae_CHRYSOCHLORIDAE_AFROSORICIDA"
"Amblysomus_robustus_CHRYSOCHLORIDAE_AFROSORICIDA"
"Calcochloris_tytonis_CHRYSOCHLORIDAE_AFROSORICIDA"
"Chrysochloris_visagiei_CHRYSOCHLORIDAE_AFROSORICIDA"
"Chrysospalax_villosus_CHRYSOCHLORIDAE_AFROSORICIDA"
"Cryptochloris_zyli_CHRYSOCHLORIDAE_AFROSORICIDA"
"Huetia_leucorhina_CHRYSOCHLORIDAE_AFROSORICIDA"
"Abrawayaomys_chebezi_CRICETIDAE_RODENTIA"
"Abrawayaomys_ruschii_CRICETIDAE_RODENTIA"
"Abrothrix_manni_CRICETIDAE_RODENTIA"
"Aepeomys_reigi_CRICETIDAE_RODENTIA"
"Akodon_aliquantulus_CRICETIDAE_RODENTIA"
"Akodon_bogotensis_CRICETIDAE_RODENTIA"
"Akodon_josemariarguedasi_CRICETIDAE_RODENTIA"
"Akodon_leucolimnaeus_CRICETIDAE_RODENTIA"
"Akodon_neocenus_CRICETIDAE_RODENTIA"
"Akodon_oenos_CRICETIDAE_RODENTIA"
"Akodon_pervalens_CRICETIDAE_RODENTIA"
"Akodon_sanctipaulensis_CRICETIDAE_RODENTIA"
"Akodon_surdus_CRICETIDAE_RODENTIA"
"Allocricetulus_curtatus_CRICETIDAE_RODENTIA"
"Alticola_roylei_CRICETIDAE_RODENTIA"
"Anotomys_leander_CRICETIDAE_RODENTIA"
"Bibimys_torresi_CRICETIDAE_RODENTIA"
"Brucepattersonius_albinasus_CRICETIDAE_RODENTIA"
"Brucepattersonius_griserufescens_CRICETIDAE_RODENTIA"
"Brucepattersonius_guarani_CRICETIDAE_RODENTIA"
"Brucepattersonius_misionensis_CRICETIDAE_RODENTIA"
"Brucepattersonius_paradisus_CRICETIDAE_RODENTIA"
"Calomys_boliviae_CRICETIDAE_RODENTIA"
"Calomys_callidus_CRICETIDAE_RODENTIA"
"Cansumys_canus_CRICETIDAE_RODENTIA"
"Chelemys_delfini_CRICETIDAE_RODENTIA"
"Chibchanomys_orcesi_CRICETIDAE_RODENTIA"
"Chibchanomys_trichotis_CRICETIDAE_RODENTIA"
"Chinchillula_sahamae_CRICETIDAE_RODENTIA"
"Cricetulus_alticola_CRICETIDAE_RODENTIA"
"Cricetulus_lama_CRICETIDAE_RODENTIA"
"Cricetulus_sokolovi_CRICETIDAE_RODENTIA"
"Cricetulus_tibetanus_CRICETIDAE_RODENTIA"
"Dicrostonyx_nelsoni_CRICETIDAE_RODENTIA"
"Dicrostonyx_nunatakensis_CRICETIDAE_RODENTIA"
"Dicrostonyx_unalascensis_CRICETIDAE_RODENTIA"
"Dicrostonyx_vinogradovi_CRICETIDAE_RODENTIA"
"Ellobius_alaicus_CRICETIDAE_RODENTIA"
"Ellobius_lutescens_CRICETIDAE_RODENTIA"
"Eolagurus_przewalskii_CRICETIDAE_RODENTIA"
"Euneomys_fossor_CRICETIDAE_RODENTIA"
"Euneomys_petersoni_CRICETIDAE_RODENTIA"
"Euryoryzomys_legatus_CRICETIDAE_RODENTIA"
"Graomys_edithae_CRICETIDAE_RODENTIA"
"Habromys_schmidlyi_CRICETIDAE_RODENTIA"
"Handleyomys_fuscatus_CRICETIDAE_RODENTIA"
"Handleyomys_rhabdops_CRICETIDAE_RODENTIA"
"Holochilus_lagigliai_CRICETIDAE_RODENTIA"
"Hylaeamys_oniscus_CRICETIDAE_RODENTIA"
"Hylaeamys_tatei_CRICETIDAE_RODENTIA"
"Hyperacrius_fertilis_CRICETIDAE_RODENTIA"
"Hyperacrius_wynnei_CRICETIDAE_RODENTIA"
"Ichthyomys_hydrobates_CRICETIDAE_RODENTIA"
"Ichthyomys_pittieri_CRICETIDAE_RODENTIA"
"Ichthyomys_stolzmanni_CRICETIDAE_RODENTIA"
"Ichthyomys_tweedii_CRICETIDAE_RODENTIA"
"Isthmomys_flavidus_CRICETIDAE_RODENTIA"
"Juscelinomys_candango_CRICETIDAE_RODENTIA"
"Juscelinomys_guaporensis_CRICETIDAE_RODENTIA"
"Kunsia_fronto_CRICETIDAE_RODENTIA"
"Lemmiscus_curtatus_CRICETIDAE_RODENTIA"
"Lemmus_portenkoi_CRICETIDAE_RODENTIA"
"Loxodontomys_pikumche_CRICETIDAE_RODENTIA"
"Megalomys_desmarestii_CRICETIDAE_RODENTIA"
"Megalomys_luciae_CRICETIDAE_RODENTIA"
"Megaoryzomys_curioi_CRICETIDAE_RODENTIA"
"Melanomys_robustulus_CRICETIDAE_RODENTIA"
"Melanomys_zunigae_CRICETIDAE_RODENTIA"
"Microryzomys_altissimus_CRICETIDAE_RODENTIA"
"Microtus_brachycercus_CRICETIDAE_RODENTIA"
"Microtus_breweri_CRICETIDAE_RODENTIA"
"Microtus_evoronensis_CRICETIDAE_RODENTIA"
"Microtus_gregalis_CRICETIDAE_RODENTIA"
"Microtus_hyperboreus_CRICETIDAE_RODENTIA"
"Microtus_mexicanus_CRICETIDAE_RODENTIA"
"Microtus_mujanensis_CRICETIDAE_RODENTIA"
"Microtus_nasarovi_CRICETIDAE_RODENTIA"
"Microtus_qazvinensis_CRICETIDAE_RODENTIA"
"Myodes_shanseius_CRICETIDAE_RODENTIA"
"Neacomys_pictus_CRICETIDAE_RODENTIA"
"Neacomys_tenuipes_CRICETIDAE_RODENTIA"
"Necromys_benefactus_CRICETIDAE_RODENTIA"
"Necromys_punctulatus_CRICETIDAE_RODENTIA"
"Nectomys_magdalenae_CRICETIDAE_RODENTIA"
"Nectomys_palmipes_CRICETIDAE_RODENTIA"
"Nectomys_rattus_CRICETIDAE_RODENTIA"
"Nelsonia_goldmani_CRICETIDAE_RODENTIA"
"Nelsonia_neotomodon_CRICETIDAE_RODENTIA"
"Neodon_forresti_CRICETIDAE_RODENTIA"
"Neotoma_anthonyi_CRICETIDAE_RODENTIA"
"Neotoma_bunkeri_CRICETIDAE_RODENTIA"
"Neotoma_chrysomelas_CRICETIDAE_RODENTIA"
"Neotoma_martinensis_CRICETIDAE_RODENTIA"
"Neotoma_nelsoni_CRICETIDAE_RODENTIA"
"Neotoma_palatina_CRICETIDAE_RODENTIA"
"Neotoma_phenax_CRICETIDAE_RODENTIA"
"Nephelomys_auriventer_CRICETIDAE_RODENTIA"
"Nephelomys_caracolus_CRICETIDAE_RODENTIA"
"Nephelomys_devius_CRICETIDAE_RODENTIA"
"Nephelomys_meridensis_CRICETIDAE_RODENTIA"
"Nesoryzomys_darwini_CRICETIDAE_RODENTIA"
"Nesoryzomys_indefessus_CRICETIDAE_RODENTIA"
"Neusticomys_ferreirai_CRICETIDAE_RODENTIA"
"Neusticomys_mussoi_CRICETIDAE_RODENTIA"
"Neusticomys_oyapocki_CRICETIDAE_RODENTIA"
"Neusticomys_peruviensis_CRICETIDAE_RODENTIA"
"Neusticomys_venezuelae_CRICETIDAE_RODENTIA"
"Noronhomys_vespuccii_CRICETIDAE_RODENTIA"
"Oecomys_flavicans_CRICETIDAE_RODENTIA"
"Oecomys_phaeotis_CRICETIDAE_RODENTIA"
"Oecomys_speciosus_CRICETIDAE_RODENTIA"
"Oecomys_sydandersoni_CRICETIDAE_RODENTIA"
"Oligoryzomys_arenalis_CRICETIDAE_RODENTIA"
"Oligoryzomys_griseolus_CRICETIDAE_RODENTIA"
"Oligoryzomys_victus_CRICETIDAE_RODENTIA"
"Oryzomys_antillarum_CRICETIDAE_RODENTIA"
"Oryzomys_curasoae_CRICETIDAE_RODENTIA"
"Oryzomys_dimidiatus_CRICETIDAE_RODENTIA"
"Oryzomys_gorgasi_CRICETIDAE_RODENTIA"
"Oryzomys_nelsoni_CRICETIDAE_RODENTIA"
"Oxymycterus_akodontius_CRICETIDAE_RODENTIA"
"Oxymycterus_angularis_CRICETIDAE_RODENTIA"
"Oxymycterus_caparoae_CRICETIDAE_RODENTIA"
"Oxymycterus_hispidus_CRICETIDAE_RODENTIA"
"Oxymycterus_hucucha_CRICETIDAE_RODENTIA"
"Oxymycterus_inca_CRICETIDAE_RODENTIA"
"Oxymycterus_roberti_CRICETIDAE_RODENTIA"
"Pennatomys_nivalis_CRICETIDAE_RODENTIA"
"Peromyscus_bullatus_CRICETIDAE_RODENTIA"
"Peromyscus_caniceps_CRICETIDAE_RODENTIA"
"Peromyscus_dickeyi_CRICETIDAE_RODENTIA"
"Peromyscus_eva_CRICETIDAE_RODENTIA"
"Peromyscus_guardia_CRICETIDAE_RODENTIA"
"Peromyscus_interparietalis_CRICETIDAE_RODENTIA"
"Peromyscus_mekisturus_CRICETIDAE_RODENTIA"
"Peromyscus_melanurus_CRICETIDAE_RODENTIA"
"Peromyscus_merriami_CRICETIDAE_RODENTIA"
"Peromyscus_pectoralis_CRICETIDAE_RODENTIA"
"Peromyscus_pembertoni_CRICETIDAE_RODENTIA"
"Peromyscus_polius_CRICETIDAE_RODENTIA"
"Peromyscus_pseudocrinitus_CRICETIDAE_RODENTIA"
"Peromyscus_sejugis_CRICETIDAE_RODENTIA"
"Peromyscus_slevini_CRICETIDAE_RODENTIA"
"Phaenomys_ferrugineus_CRICETIDAE_RODENTIA"
"Phyllotis_definitus_CRICETIDAE_RODENTIA"
"Phyllotis_haggardi_CRICETIDAE_RODENTIA"
"Phyllotis_osgoodi_CRICETIDAE_RODENTIA"
"Punomys_lemminus_CRICETIDAE_RODENTIA"
"Reithrodon_auritus_CRICETIDAE_RODENTIA"
"Reithrodon_typicus_CRICETIDAE_RODENTIA"
"Reithrodontomys_burti_CRICETIDAE_RODENTIA"
"Reithrodontomys_musseri_CRICETIDAE_RODENTIA"
"Reithrodontomys_paradoxus_CRICETIDAE_RODENTIA"
"Reithrodontomys_rodriguezi_CRICETIDAE_RODENTIA"
"Rheomys_mexicanus_CRICETIDAE_RODENTIA"
"Rheomys_underwoodi_CRICETIDAE_RODENTIA"
"Rhipidomys_austrinus_CRICETIDAE_RODENTIA"
"Rhipidomys_caucensis_CRICETIDAE_RODENTIA"
"Rhipidomys_couesi_CRICETIDAE_RODENTIA"
"Rhipidomys_fulviventer_CRICETIDAE_RODENTIA"
"Rhipidomys_modicus_CRICETIDAE_RODENTIA"
"Rhipidomys_ochrogaster_CRICETIDAE_RODENTIA"
"Rhipidomys_venezuelae_CRICETIDAE_RODENTIA"
"Rhipidomys_venustus_CRICETIDAE_RODENTIA"
"Sigmodon_inopinatus_CRICETIDAE_RODENTIA"
"Sigmodon_planifrons_CRICETIDAE_RODENTIA"
"Thomasomys_apeco_CRICETIDAE_RODENTIA"
"Thomasomys_bombycinus_CRICETIDAE_RODENTIA"
"Thomasomys_cinereiventer_CRICETIDAE_RODENTIA"
"Thomasomys_cinereus_CRICETIDAE_RODENTIA"
"Thomasomys_eleusis_CRICETIDAE_RODENTIA"
"Thomasomys_hudsoni_CRICETIDAE_RODENTIA"
"Thomasomys_hylophilus_CRICETIDAE_RODENTIA"
"Thomasomys_incanus_CRICETIDAE_RODENTIA"
"Thomasomys_kalinowskii_CRICETIDAE_RODENTIA"
"Thomasomys_laniger_CRICETIDAE_RODENTIA"
"Thomasomys_macrotis_CRICETIDAE_RODENTIA"
"Thomasomys_monochromos_CRICETIDAE_RODENTIA"
"Thomasomys_niveipes_CRICETIDAE_RODENTIA"
"Thomasomys_onkiro_CRICETIDAE_RODENTIA"
"Thomasomys_paramorum_CRICETIDAE_RODENTIA"
"Thomasomys_popayanus_CRICETIDAE_RODENTIA"
"Thomasomys_praetor_CRICETIDAE_RODENTIA"
"Thomasomys_pyrrhonotus_CRICETIDAE_RODENTIA"
"Thomasomys_rhoadsi_CRICETIDAE_RODENTIA"
"Thomasomys_rosalinda_CRICETIDAE_RODENTIA"
"Thomasomys_silvestris_CRICETIDAE_RODENTIA"
"Thomasomys_taczanowskii_CRICETIDAE_RODENTIA"
"Thomasomys_ucucha_CRICETIDAE_RODENTIA"
"Thomasomys_vestitus_CRICETIDAE_RODENTIA"
"Thomasomys_vulcani_CRICETIDAE_RODENTIA"
"Tylomys_bullaris_CRICETIDAE_RODENTIA"
"Tylomys_fulviventer_CRICETIDAE_RODENTIA"
"Tylomys_mirae_CRICETIDAE_RODENTIA"
"Tylomys_panamensis_CRICETIDAE_RODENTIA"
"Tylomys_tumbalensis_CRICETIDAE_RODENTIA"
"Wilfredomys_oenax_CRICETIDAE_RODENTIA"
"Zygodontomys_brunneus_CRICETIDAE_RODENTIA"
"Felovia_vae_CTENODACTYLIDAE_RODENTIA"
"Pectinator_spekei_CTENODACTYLIDAE_RODENTIA"
"Ctenomys_bergi_CTENOMYIDAE_RODENTIA"
"Ctenomys_brasiliensis_CTENOMYIDAE_RODENTIA"
"Ctenomys_budini_CTENOMYIDAE_RODENTIA"
"Ctenomys_coludo_CTENOMYIDAE_RODENTIA"
"Ctenomys_dorsalis_CTENOMYIDAE_RODENTIA"
"Ctenomys_emilianus_CTENOMYIDAE_RODENTIA"
"Ctenomys_famosus_CTENOMYIDAE_RODENTIA"
"Ctenomys_fochi_CTENOMYIDAE_RODENTIA"
"Ctenomys_johannis_CTENOMYIDAE_RODENTIA"
"Ctenomys_juris_CTENOMYIDAE_RODENTIA"
"Ctenomys_knighti_CTENOMYIDAE_RODENTIA"
"Ctenomys_osvaldoreigi_CTENOMYIDAE_RODENTIA"
"Ctenomys_peruanus_CTENOMYIDAE_RODENTIA"
"Ctenomys_pontifex_CTENOMYIDAE_RODENTIA"
"Ctenomys_sylvanus_CTENOMYIDAE_RODENTIA"
"Ctenomys_tulduco_CTENOMYIDAE_RODENTIA"
"Ctenomys_validus_CTENOMYIDAE_RODENTIA"
"Ctenomys_viperinus_CTENOMYIDAE_RODENTIA"
"Ctenomys_yatesi_CTENOMYIDAE_RODENTIA"
"Cabassous_centralis_DASYPODIDAE_CINGULATA"
"Cabassous_chacoensis_DASYPODIDAE_CINGULATA"
"Cabassous_tatouay_DASYPODIDAE_CINGULATA"
"Chaetophractus_nationi_DASYPODIDAE_CINGULATA"
"Dasypus_hybridus_DASYPODIDAE_CINGULATA"
"Dasypus_pilosus_DASYPODIDAE_CINGULATA"
"Dasypus_sabanicola_DASYPODIDAE_CINGULATA"
"Dasypus_septemcinctus_DASYPODIDAE_CINGULATA"
"Dasypus_yepesi_DASYPODIDAE_CINGULATA"
"Tolypeutes_tricinctus_DASYPODIDAE_CINGULATA"
"Dasyprocta_coibae_DASYPROCTIDAE_RODENTIA"
"Dasyprocta_cristata_DASYPROCTIDAE_RODENTIA"
"Dasyprocta_guamara_DASYPROCTIDAE_RODENTIA"
"Dasyprocta_kalinowskii_DASYPROCTIDAE_RODENTIA"
"Dasyprocta_mexicana_DASYPROCTIDAE_RODENTIA"
"Dasyprocta_prymnolopha_DASYPROCTIDAE_RODENTIA"
"Dasyprocta_ruatanica_DASYPROCTIDAE_RODENTIA"
"Antechinus_adustus_DASYURIDAE_DASYUROMORPHIA"
"Antechinus_argentus_DASYURIDAE_DASYUROMORPHIA"
"Antechinus_arktos_DASYURIDAE_DASYUROMORPHIA"
"Antechinus_mysticus_DASYURIDAE_DASYUROMORPHIA"
"Antechinus_subtropicus_DASYURIDAE_DASYUROMORPHIA"
"Antechinus_vandycki_DASYURIDAE_DASYUROMORPHIA"
"Dasycercus_blythi_DASYURIDAE_DASYUROMORPHIA"
"Phascogale_pirata_DASYURIDAE_DASYUROMORPHIA"
"Phascolosorex_doriae_DASYURIDAE_DASYUROMORPHIA"
"Planigale_novaeguineae_DASYURIDAE_DASYUROMORPHIA"
"Sminthopsis_fuliginosus_DASYURIDAE_DASYUROMORPHIA"
"Sousa_sahulensis_DELPHINIDAE_CETARTIODACTYLA"
"Sousa_teuszii_DELPHINIDAE_CETARTIODACTYLA"
"Chacodelphys_formosa_DIDELPHIDAE_DIDELPHIMORPHIA"
"Cryptonanus_ignitus_DIDELPHIDAE_DIDELPHIMORPHIA"
"Gracilinanus_dryas_DIDELPHIDAE_DIDELPHIMORPHIA"
"Gracilinanus_marica_DIDELPHIDAE_DIDELPHIMORPHIA"
"Marmosa_phaea_DIDELPHIDAE_DIDELPHIMORPHIA"
"Marmosa_quichua_DIDELPHIDAE_DIDELPHIMORPHIA"
"Marmosops_bishopi_DIDELPHIDAE_DIDELPHIMORPHIA"
"Marmosops_cracens_DIDELPHIDAE_DIDELPHIMORPHIA"
"Marmosops_creightoni_DIDELPHIDAE_DIDELPHIMORPHIA"
"Marmosops_fuscatus_DIDELPHIDAE_DIDELPHIMORPHIA"
"Marmosops_handleyi_DIDELPHIDAE_DIDELPHIMORPHIA"
"Marmosops_juninensis_DIDELPHIDAE_DIDELPHIMORPHIA"
"Marmosops_neblina_DIDELPHIDAE_DIDELPHIMORPHIA"
"Marmosops_ocellatus_DIDELPHIDAE_DIDELPHIMORPHIA"
"Monodelphis_maraxina_DIDELPHIDAE_DIDELPHIMORPHIA"
"Monodelphis_ronaldi_DIDELPHIDAE_DIDELPHIMORPHIA"
"Monodelphis_rubida_DIDELPHIDAE_DIDELPHIMORPHIA"
"Monodelphis_unistriatus_DIDELPHIDAE_DIDELPHIMORPHIA"
"Philander_deltae_DIDELPHIDAE_DIDELPHIMORPHIA"
"Philander_mondolfii_DIDELPHIDAE_DIDELPHIMORPHIA"
"Philander_olrogi_DIDELPHIDAE_DIDELPHIMORPHIA"
"Thylamys_fenestrae_DIDELPHIDAE_DIDELPHIMORPHIA"
"Allactaga_balikunica_DIPODIDAE_RODENTIA"
"Allactaga_severtzovi_DIPODIDAE_RODENTIA"
"Allactaga_tetradactyla_DIPODIDAE_RODENTIA"
"Allactaga_vinogradovi_DIPODIDAE_RODENTIA"
"Pygeretmus_platyurus_DIPODIDAE_RODENTIA"
"Pygeretmus_zhitkovi_DIPODIDAE_RODENTIA"
"Salpingotulus_michaelis_DIPODIDAE_RODENTIA"
"Salpingotus_crassicauda_DIPODIDAE_RODENTIA"
"Salpingotus_heptneri_DIPODIDAE_RODENTIA"
"Salpingotus_pallidus_DIPODIDAE_RODENTIA"
"Sicista_armenica_DIPODIDAE_RODENTIA"
"Sicista_caucasica_DIPODIDAE_RODENTIA"
"Sicista_caudata_DIPODIDAE_RODENTIA"
"Sicista_kluchorica_DIPODIDAE_RODENTIA"
"Sicista_napaea_DIPODIDAE_RODENTIA"
"Sicista_pseudonapaea_DIPODIDAE_RODENTIA"
"Sicista_severtzovi_DIPODIDAE_RODENTIA"
"Stylodipus_sungorus_DIPODIDAE_RODENTIA"
"Boromys_offella_ECHIMYIDAE_RODENTIA"
"Boromys_torrei_ECHIMYIDAE_RODENTIA"
"Brotomys_voratus_ECHIMYIDAE_RODENTIA"
"Clyomys_bishopi_ECHIMYIDAE_RODENTIA"
"Diplomys_caniceps_ECHIMYIDAE_RODENTIA"
"Echimys_saturnus_ECHIMYIDAE_RODENTIA"
"Echimys_vieirai_ECHIMYIDAE_RODENTIA"
"Heteropsomys_insulans_ECHIMYIDAE_RODENTIA"
"Makalata_obscura_ECHIMYIDAE_RODENTIA"
"Mesomys_leniceps_ECHIMYIDAE_RODENTIA"
"Olallamys_edax_ECHIMYIDAE_RODENTIA"
"Phyllomys_kerri_ECHIMYIDAE_RODENTIA"
"Phyllomys_medius_ECHIMYIDAE_RODENTIA"
"Phyllomys_thomasi_ECHIMYIDAE_RODENTIA"
"Phyllomys_unicolor_ECHIMYIDAE_RODENTIA"
"Proechimys_canicollis_ECHIMYIDAE_RODENTIA"
"Proechimys_chrysaeolus_ECHIMYIDAE_RODENTIA"
"Proechimys_decumanus_ECHIMYIDAE_RODENTIA"
"Proechimys_echinothrix_ECHIMYIDAE_RODENTIA"
"Proechimys_gardneri_ECHIMYIDAE_RODENTIA"
"Proechimys_goeldii_ECHIMYIDAE_RODENTIA"
"Proechimys_guairae_ECHIMYIDAE_RODENTIA"
"Proechimys_kulinae_ECHIMYIDAE_RODENTIA"
"Proechimys_magdalenae_ECHIMYIDAE_RODENTIA"
"Proechimys_mincae_ECHIMYIDAE_RODENTIA"
"Proechimys_oconnelli_ECHIMYIDAE_RODENTIA"
"Proechimys_pattoni_ECHIMYIDAE_RODENTIA"
"Proechimys_poliopus_ECHIMYIDAE_RODENTIA"
"Proechimys_semispinosus_ECHIMYIDAE_RODENTIA"
"Proechimys_trinitatus_ECHIMYIDAE_RODENTIA"
"Proechimys_urichi_ECHIMYIDAE_RODENTIA"
"Trinomys_mirapitanga_ECHIMYIDAE_RODENTIA"
"Trinomys_myosuros_ECHIMYIDAE_RODENTIA"
"Emballonura_furax_EMBALLONURIDAE_CHIROPTERA"
"Mosia_nigrescens_EMBALLONURIDAE_CHIROPTERA"
"Saccolaimus_flaviventris_EMBALLONURIDAE_CHIROPTERA"
"Saccolaimus_mixtus_EMBALLONURIDAE_CHIROPTERA"
"Saccolaimus_peli_EMBALLONURIDAE_CHIROPTERA"
"Saccopteryx_antioquensis_EMBALLONURIDAE_CHIROPTERA"
"Taphozous_achates_EMBALLONURIDAE_CHIROPTERA"
"Taphozous_australis_EMBALLONURIDAE_CHIROPTERA"
"Taphozous_georgianus_EMBALLONURIDAE_CHIROPTERA"
"Taphozous_hamiltoni_EMBALLONURIDAE_CHIROPTERA"
"Taphozous_hilli_EMBALLONURIDAE_CHIROPTERA"
"Taphozous_kapalgensis_EMBALLONURIDAE_CHIROPTERA"
"Taphozous_theobaldi_EMBALLONURIDAE_CHIROPTERA"
"Taphozous_troughtoni_EMBALLONURIDAE_CHIROPTERA"
"Equus_capensis_EQUIDAE_PERISSODACTYLA"
"Equus_neogeus_EQUIDAE_PERISSODACTYLA"
"Coendou_baturitensis_ERETHIZONTIDAE_RODENTIA"
"Coendou_roosmalenorum_ERETHIZONTIDAE_RODENTIA"
"Atelerix_sclateri_ERINACEIDAE_EULIPOTYPHLA"
"Hemiechinus_collaris_ERINACEIDAE_EULIPOTYPHLA"
"Paraechinus_micropus_ERINACEIDAE_EULIPOTYPHLA"
"Paraechinus_nudiventris_ERINACEIDAE_EULIPOTYPHLA"
"Podogymnura_aureospinula_ERINACEIDAE_EULIPOTYPHLA"
"Cryptoprocta_spelea_EUPLERIDAE_CARNIVORA"
"Galidictis_grandidieri_EUPLERIDAE_CARNIVORA"
"Felis_bieti_FELIDAE_CARNIVORA"
"Homotherium_serum_FELIDAE_CARNIVORA"
"Leopardus_geoffroyi_FELIDAE_CARNIVORA"
"Prionailurus_rubiginosus_FELIDAE_CARNIVORA"
"Smilodon_populator_FELIDAE_CARNIVORA"
"Amorphochilus_schnablii_FURIPTERIDAE_CHIROPTERA"
"Euoticus_pallidus_GALAGIDAE_PRIMATES"
"Galagoides_nyasae_GALAGIDAE_PRIMATES"
"Galagoides_orinus_GALAGIDAE_PRIMATES"
"Galagoides_rondoensis_GALAGIDAE_PRIMATES"
"Sciurocheirus_makandensis_GALAGIDAE_PRIMATES"
"Orthogeomys_cuniculus_GEOMYIDAE_RODENTIA"
"Pappogeomys_alcorni_GEOMYIDAE_RODENTIA"
"Thomomys_clusius_GEOMYIDAE_RODENTIA"
"Thomomys_idahoensis_GEOMYIDAE_RODENTIA"
"Chaetocauda_sichuanensis_GLIRIDAE_RODENTIA"
"Dryomys_laniger_GLIRIDAE_RODENTIA"
"Dryomys_niethammeri_GLIRIDAE_RODENTIA"
"Eliomys_munbyanus_GLIRIDAE_RODENTIA"
"Graphiurus_angolensis_GLIRIDAE_RODENTIA"
"Graphiurus_christyi_GLIRIDAE_RODENTIA"
"Graphiurus_crassicaudatus_GLIRIDAE_RODENTIA"
"Graphiurus_johnstoni_GLIRIDAE_RODENTIA"
"Graphiurus_lorraineus_GLIRIDAE_RODENTIA"
"Graphiurus_microtis_GLIRIDAE_RODENTIA"
"Graphiurus_monardi_GLIRIDAE_RODENTIA"
"Graphiurus_nagtglasii_GLIRIDAE_RODENTIA"
"Graphiurus_ocularis_GLIRIDAE_RODENTIA"
"Graphiurus_platyops_GLIRIDAE_RODENTIA"
"Graphiurus_rupicola_GLIRIDAE_RODENTIA"
"Graphiurus_surdus_GLIRIDAE_RODENTIA"
"Graphiurus_walterverheyeni_GLIRIDAE_RODENTIA"
"Myomimus_personatus_GLIRIDAE_RODENTIA"
"Myomimus_roachi_GLIRIDAE_RODENTIA"
"Myomimus_setzeri_GLIRIDAE_RODENTIA"
"Selevinia_betpakdalaensis_GLIRIDAE_RODENTIA"
"Bdeogale_jacksoni_HERPESTIDAE_CARNIVORA"
"Bdeogale_omnivora_HERPESTIDAE_CARNIVORA"
"Dologale_dybowskii_HERPESTIDAE_CARNIVORA"
"Herpestes_ochraceus_HERPESTIDAE_CARNIVORA"
"Herpestes_smithii_HERPESTIDAE_CARNIVORA"
"Mungos_gambianus_HERPESTIDAE_CARNIVORA"
"Chaetodipus_lineatus_HETEROMYIDAE_RODENTIA"
"Dipodomys_margaritae_HETEROMYIDAE_RODENTIA"
"Heteromys_catopterius_HETEROMYIDAE_RODENTIA"
"Heteromys_oasicus_HETEROMYIDAE_RODENTIA"
"Heteromys_teleus_HETEROMYIDAE_RODENTIA"
"Hippopotamus_guldbergi_HIPPOPOTAMIDAE_CETARTIODACTYLA"
"Hippopotamus_lemerlei_HIPPOPOTAMIDAE_CETARTIODACTYLA"
"Asellia_arabica_HIPPOSIDERIDAE_CHIROPTERA"
"Asellia_patrizii_HIPPOSIDERIDAE_CHIROPTERA"
"Coelops_hirsutus_HIPPOSIDERIDAE_CHIROPTERA"
"Hipposideros_boeadii_HIPPOSIDERIDAE_CHIROPTERA"
"Hipposideros_breviceps_HIPPOSIDERIDAE_CHIROPTERA"
"Hipposideros_camerunensis_HIPPOSIDERIDAE_CHIROPTERA"
"Hipposideros_corynophyllus_HIPPOSIDERIDAE_CHIROPTERA"
"Hipposideros_crumeniferus_HIPPOSIDERIDAE_CHIROPTERA"
"Hipposideros_curtus_HIPPOSIDERIDAE_CHIROPTERA"
"Hipposideros_durgadasi_HIPPOSIDERIDAE_CHIROPTERA"
"Hipposideros_edwardshilli_HIPPOSIDERIDAE_CHIROPTERA"
"Hipposideros_einnaythu_HIPPOSIDERIDAE_CHIROPTERA"
"Hipposideros_hypophyllus_HIPPOSIDERIDAE_CHIROPTERA"
"Hipposideros_inexpectatus_HIPPOSIDERIDAE_CHIROPTERA"
"Hipposideros_inornatus_HIPPOSIDERIDAE_CHIROPTERA"
"Hipposideros_macrobullatus_HIPPOSIDERIDAE_CHIROPTERA"
"Hipposideros_madurae_HIPPOSIDERIDAE_CHIROPTERA"
"Hipposideros_maggietaylorae_HIPPOSIDERIDAE_CHIROPTERA"
"Hipposideros_megalotis_HIPPOSIDERIDAE_CHIROPTERA"
"Hipposideros_muscinus_HIPPOSIDERIDAE_CHIROPTERA"
"Hipposideros_nequam_HIPPOSIDERIDAE_CHIROPTERA"
"Hipposideros_orbiculus_HIPPOSIDERIDAE_CHIROPTERA"
"Hipposideros_papua_HIPPOSIDERIDAE_CHIROPTERA"
"Hipposideros_semoni_HIPPOSIDERIDAE_CHIROPTERA"
"Hipposideros_sorenseni_HIPPOSIDERIDAE_CHIROPTERA"
"Hipposideros_stenotis_HIPPOSIDERIDAE_CHIROPTERA"
"Hipposideros_sumbae_HIPPOSIDERIDAE_CHIROPTERA"
"Hipposideros_thomensis_HIPPOSIDERIDAE_CHIROPTERA"
"Hipposideros_wollastoni_HIPPOSIDERIDAE_CHIROPTERA"
"Paracoelops_megalotis_HIPPOSIDERIDAE_CHIROPTERA"
"Paratriaenops_pauliani_HIPPOSIDERIDAE_CHIROPTERA"
"Triaenops_parvus_HIPPOSIDERIDAE_CHIROPTERA"
"Nomascus_annamensis_HYLOBATIDAE_PRIMATES"
"Hystrix_crassispinis_HYSTRICIDAE_RODENTIA"
"Hystrix_javanica_HYSTRICIDAE_RODENTIA"
"Hystrix_pumila_HYSTRICIDAE_RODENTIA"
"Hystrix_sumatrae_HYSTRICIDAE_RODENTIA"
"Avahi_betsileo_INDRIIDAE_PRIMATES"
"Avahi_meridionalis_INDRIIDAE_PRIMATES"
"Avahi_mooreorum_INDRIIDAE_PRIMATES"
"Avahi_peyrierasi_INDRIIDAE_PRIMATES"
"Avahi_ramanantsoavanai_INDRIIDAE_PRIMATES"
"Avahi_unicolor_INDRIIDAE_PRIMATES"
"Propithecus_candidus_INDRIIDAE_PRIMATES"
"Propithecus_coronatus_INDRIIDAE_PRIMATES"
"Hapalemur_meridionalis_LEMURIDAE_PRIMATES"
"Lepilemur_ahmansonorum_LEPILEMURIDAE_PRIMATES"
"Lepilemur_betsileo_LEPILEMURIDAE_PRIMATES"
"Lepilemur_fleuretae_LEPILEMURIDAE_PRIMATES"
"Lepilemur_hollandorum_LEPILEMURIDAE_PRIMATES"
"Lepilemur_milanoii_LEPILEMURIDAE_PRIMATES"
"Lepilemur_petteri_LEPILEMURIDAE_PRIMATES"
"Lepilemur_scottorum_LEPILEMURIDAE_PRIMATES"
"Lepilemur_seali_LEPILEMURIDAE_PRIMATES"
"Lepilemur_tymerlachsoni_LEPILEMURIDAE_PRIMATES"
"Lepilemur_wrightae_LEPILEMURIDAE_PRIMATES"
"Lepus_fagani_LEPORIDAE_LAGOMORPHA"
"Lepus_habessinicus_LEPORIDAE_LAGOMORPHA"
"Lepus_nigricollis_LEPORIDAE_LAGOMORPHA"
"Lepus_tibetanus_LEPORIDAE_LAGOMORPHA"
"Nesolagus_netscheri_LEPORIDAE_LAGOMORPHA"
"Nesolagus_timminsi_LEPORIDAE_LAGOMORPHA"
"Poelagus_marjorita_LEPORIDAE_LAGOMORPHA"
"Sylvilagus_bachmani_LEPORIDAE_LAGOMORPHA"
"Sylvilagus_cognatus_LEPORIDAE_LAGOMORPHA"
"Sylvilagus_cunicularius_LEPORIDAE_LAGOMORPHA"
"Sylvilagus_dicei_LEPORIDAE_LAGOMORPHA"
"Sylvilagus_graysoni_LEPORIDAE_LAGOMORPHA"
"Sylvilagus_insonus_LEPORIDAE_LAGOMORPHA"
"Sylvilagus_mansuetus_LEPORIDAE_LAGOMORPHA"
"Sylvilagus_varynaensis_LEPORIDAE_LAGOMORPHA"
"Arctocebus_aureus_LORISIDAE_PRIMATES"
"Nycticebus_kayan_LORISIDAE_PRIMATES"
"Dendrolagus_mayri_MACROPODIDAE_DIPROTODONTIA"
"Dendrolagus_mbaiso_MACROPODIDAE_DIPROTODONTIA"
"Dendrolagus_notatus_MACROPODIDAE_DIPROTODONTIA"
"Dendrolagus_pulcherrimus_MACROPODIDAE_DIPROTODONTIA"
"Dendrolagus_scottae_MACROPODIDAE_DIPROTODONTIA"
"Dendrolagus_stellarum_MACROPODIDAE_DIPROTODONTIA"
"Dendrolagus_ursinus_MACROPODIDAE_DIPROTODONTIA"
"Dorcopsis_atrata_MACROPODIDAE_DIPROTODONTIA"
"Dorcopsis_luctuosa_MACROPODIDAE_DIPROTODONTIA"
"Dorcopsulus_macleayi_MACROPODIDAE_DIPROTODONTIA"
"Lagorchestes_asomatus_MACROPODIDAE_DIPROTODONTIA"
"Lagorchestes_leporides_MACROPODIDAE_DIPROTODONTIA"
"Macropus_bernardus_MACROPODIDAE_DIPROTODONTIA"
"Macropus_greyi_MACROPODIDAE_DIPROTODONTIA"
"Onychogalea_lunata_MACROPODIDAE_DIPROTODONTIA"
"Petrogale_coenensis_MACROPODIDAE_DIPROTODONTIA"
"Petrogale_godmani_MACROPODIDAE_DIPROTODONTIA"
"Petrogale_sharmani_MACROPODIDAE_DIPROTODONTIA"
"Elephantulus_fuscipes_MACROSCELIDIDAE_MACROSCELIDEA"
"Elephantulus_fuscus_MACROSCELIDIDAE_MACROSCELIDEA"
"Elephantulus_pilicaudus_MACROSCELIDIDAE_MACROSCELIDEA"
"Elephantulus_revoilii_MACROSCELIDIDAE_MACROSCELIDEA"
"Rhynchocyon_chrysopygus_MACROSCELIDIDAE_MACROSCELIDEA"
"Manis_crassicaudata_MANIDAE_PHOLIDOTA"
"Manis_culionensis_MANIDAE_PHOLIDOTA"
"Lavia_frons_MEGADERMATIDAE_CHIROPTERA"
"Conepatus_humboldtii_MEPHITIDAE_CARNIVORA"
"Spilogale_angustifrons_MEPHITIDAE_CARNIVORA"
"Spilogale_pygmaea_MEPHITIDAE_CARNIVORA"
"Chaerephon_aloysiisabaudiae_MOLOSSIDAE_CHIROPTERA"
"Chaerephon_bemmeleni_MOLOSSIDAE_CHIROPTERA"
"Chaerephon_bivittatus_MOLOSSIDAE_CHIROPTERA"
"Chaerephon_bregullae_MOLOSSIDAE_CHIROPTERA"
"Chaerephon_gallagheri_MOLOSSIDAE_CHIROPTERA"
"Chaerephon_johorensis_MOLOSSIDAE_CHIROPTERA"
"Chaerephon_major_MOLOSSIDAE_CHIROPTERA"
"Chaerephon_russatus_MOLOSSIDAE_CHIROPTERA"
"Chaerephon_solomonis_MOLOSSIDAE_CHIROPTERA"
"Chaerephon_tomensis_MOLOSSIDAE_CHIROPTERA"
"Cheiromeles_torquatus_MOLOSSIDAE_CHIROPTERA"
"Cynomops_greenhalli_MOLOSSIDAE_CHIROPTERA"
"Cynomops_mexicanus_MOLOSSIDAE_CHIROPTERA"
"Eumops_chiribaya_MOLOSSIDAE_CHIROPTERA"
"Eumops_trumbulli_MOLOSSIDAE_CHIROPTERA"
"Molossops_aequatorianus_MOLOSSIDAE_CHIROPTERA"
"Molossus_alvarezi_MOLOSSIDAE_CHIROPTERA"
"Molossus_aztecus_MOLOSSIDAE_CHIROPTERA"
"Molossus_barnesi_MOLOSSIDAE_CHIROPTERA"
"Molossus_currentium_MOLOSSIDAE_CHIROPTERA"
"Molossus_pretiosus_MOLOSSIDAE_CHIROPTERA"
"Mops_brachypterus_MOLOSSIDAE_CHIROPTERA"
"Mops_congicus_MOLOSSIDAE_CHIROPTERA"
"Mops_demonstrator_MOLOSSIDAE_CHIROPTERA"
"Mops_nanulus_MOLOSSIDAE_CHIROPTERA"
"Mops_niangarae_MOLOSSIDAE_CHIROPTERA"
"Mops_niveiventer_MOLOSSIDAE_CHIROPTERA"
"Mops_petersoni_MOLOSSIDAE_CHIROPTERA"
"Mops_sarasinorum_MOLOSSIDAE_CHIROPTERA"
"Mops_spurrelli_MOLOSSIDAE_CHIROPTERA"
"Mops_thersites_MOLOSSIDAE_CHIROPTERA"
"Mops_trevori_MOLOSSIDAE_CHIROPTERA"
"Mormopterus_acetabulosus_MOLOSSIDAE_CHIROPTERA"
"Mormopterus_doriae_MOLOSSIDAE_CHIROPTERA"
"Mormopterus_minutus_MOLOSSIDAE_CHIROPTERA"
"Mormopterus_phrudus_MOLOSSIDAE_CHIROPTERA"
"Myopterus_daubentonii_MOLOSSIDAE_CHIROPTERA"
"Myopterus_whitleyi_MOLOSSIDAE_CHIROPTERA"
"Otomops_formosus_MOLOSSIDAE_CHIROPTERA"
"Otomops_johnstonei_MOLOSSIDAE_CHIROPTERA"
"Otomops_papuensis_MOLOSSIDAE_CHIROPTERA"
"Otomops_secundus_MOLOSSIDAE_CHIROPTERA"
"Platymops_setiger_MOLOSSIDAE_CHIROPTERA"
"Promops_nasutus_MOLOSSIDAE_CHIROPTERA"
"Tadarida_australis_MOLOSSIDAE_CHIROPTERA"
"Tadarida_kuboriensis_MOLOSSIDAE_CHIROPTERA"
"Tadarida_latouchei_MOLOSSIDAE_CHIROPTERA"
"Tadarida_lobata_MOLOSSIDAE_CHIROPTERA"
"Tadarida_ventralis_MOLOSSIDAE_CHIROPTERA"
"Tomopeas_ravus_MOLOSSIDAE_CHIROPTERA"
"Pteronotus_paraguanensis_MORMOOPIDAE_CHIROPTERA"
"Moschus_cupreus_MOSCHIDAE_CETARTIODACTYLA"
"Abditomys_latidens_MURIDAE_RODENTIA"
"Acomys_airensis_MURIDAE_RODENTIA"
"Acomys_cineraceus_MURIDAE_RODENTIA"
"Acomys_kempi_MURIDAE_RODENTIA"
"Acomys_louisae_MURIDAE_RODENTIA"
"Acomys_mullah_MURIDAE_RODENTIA"
"Acomys_seurati_MURIDAE_RODENTIA"
"Acomys_subspinosus_MURIDAE_RODENTIA"
"Aethomys_bocagei_MURIDAE_RODENTIA"
"Aethomys_granti_MURIDAE_RODENTIA"
"Aethomys_hindei_MURIDAE_RODENTIA"
"Aethomys_nyikae_MURIDAE_RODENTIA"
"Aethomys_silindensis_MURIDAE_RODENTIA"
"Aethomys_stannarius_MURIDAE_RODENTIA"
"Aethomys_thomasi_MURIDAE_RODENTIA"
"Ammodillus_imbellis_MURIDAE_RODENTIA"
"Anonymomys_mindorensis_MURIDAE_RODENTIA"
"Apodemus_epimelas_MURIDAE_RODENTIA"
"Apodemus_hyrcanicus_MURIDAE_RODENTIA"
"Apodemus_rusiges_MURIDAE_RODENTIA"
"Apomys_littoralis_MURIDAE_RODENTIA"
"Arvicanthis_blicki_MURIDAE_RODENTIA"
"Arvicanthis_rufinus_MURIDAE_RODENTIA"
"Baiyankamys_habbema_MURIDAE_RODENTIA"
"Baiyankamys_shawmayeri_MURIDAE_RODENTIA"
"Batomys_dentatus_MURIDAE_RODENTIA"
"Batomys_russatus_MURIDAE_RODENTIA"
"Batomys_uragon_MURIDAE_RODENTIA"
"Berylmys_mackenziei_MURIDAE_RODENTIA"
"Berylmys_manipulus_MURIDAE_RODENTIA"
"Bunomys_coelestis_MURIDAE_RODENTIA"
"Bunomys_fratrorum_MURIDAE_RODENTIA"
"Bunomys_karokophilus_MURIDAE_RODENTIA"
"Bunomys_prolatus_MURIDAE_RODENTIA"
"Bunomys_torajae_MURIDAE_RODENTIA"
"Carpomys_melanurus_MURIDAE_RODENTIA"
"Chiropodomys_calamianensis_MURIDAE_RODENTIA"
"Chiropodomys_karlkoopmani_MURIDAE_RODENTIA"
"Chiropodomys_major_MURIDAE_RODENTIA"
"Chiropodomys_muroides_MURIDAE_RODENTIA"
"Chiropodomys_pusillus_MURIDAE_RODENTIA"
"Chiruromys_forbesi_MURIDAE_RODENTIA"
"Chiruromys_lamia_MURIDAE_RODENTIA"
"Coccymys_albidens_MURIDAE_RODENTIA"
"Coccymys_kirrhos_MURIDAE_RODENTIA"
"Coccymys_ruemmleri_MURIDAE_RODENTIA"
"Conilurus_albipes_MURIDAE_RODENTIA"
"Coryphomys_buehleri_MURIDAE_RODENTIA"
"Crateromys_australis_MURIDAE_RODENTIA"
"Crateromys_paulus_MURIDAE_RODENTIA"
"Crateromys_schadenbergi_MURIDAE_RODENTIA"
"Cremnomys_elvira_MURIDAE_RODENTIA"
"Crunomys_fallax_MURIDAE_RODENTIA"
"Dasymys_foxi_MURIDAE_RODENTIA"
"Dasymys_montanus_MURIDAE_RODENTIA"
"Dasymys_nudipes_MURIDAE_RODENTIA"
"Desmomys_yaldeni_MURIDAE_RODENTIA"
"Diomys_crumpi_MURIDAE_RODENTIA"
"Echiothrix_centrosa_MURIDAE_RODENTIA"
"Echiothrix_leucura_MURIDAE_RODENTIA"
"Eropeplus_canus_MURIDAE_RODENTIA"
"Gerbilliscus_boehmi_MURIDAE_RODENTIA"
"Gerbilliscus_inclusus_MURIDAE_RODENTIA"
"Gerbillus_acticola_MURIDAE_RODENTIA"
"Gerbillus_agag_MURIDAE_RODENTIA"
"Gerbillus_aquilus_MURIDAE_RODENTIA"
"Gerbillus_bottai_MURIDAE_RODENTIA"
"Gerbillus_brockmani_MURIDAE_RODENTIA"
"Gerbillus_burtoni_MURIDAE_RODENTIA"
"Gerbillus_cosensis_MURIDAE_RODENTIA"
"Gerbillus_dunni_MURIDAE_RODENTIA"
"Gerbillus_famulus_MURIDAE_RODENTIA"
"Gerbillus_gleadowi_MURIDAE_RODENTIA"
"Gerbillus_grobbeni_MURIDAE_RODENTIA"
"Gerbillus_harwoodi_MURIDAE_RODENTIA"
"Gerbillus_jamesi_MURIDAE_RODENTIA"
"Gerbillus_juliani_MURIDAE_RODENTIA"
"Gerbillus_lowei_MURIDAE_RODENTIA"
"Gerbillus_mackillingini_MURIDAE_RODENTIA"
"Gerbillus_maghrebi_MURIDAE_RODENTIA"
"Gerbillus_mesopotamiae_MURIDAE_RODENTIA"
"Gerbillus_muriculus_MURIDAE_RODENTIA"
"Gerbillus_percivali_MURIDAE_RODENTIA"
"Gerbillus_principulus_MURIDAE_RODENTIA"
"Gerbillus_pulvinatus_MURIDAE_RODENTIA"
"Gerbillus_pusillus_MURIDAE_RODENTIA"
"Gerbillus_rosalinda_MURIDAE_RODENTIA"
"Gerbillus_somalicus_MURIDAE_RODENTIA"
"Gerbillus_stigmonyx_MURIDAE_RODENTIA"
"Gerbillus_watersi_MURIDAE_RODENTIA"
"Grammomys_aridulus_MURIDAE_RODENTIA"
"Grammomys_buntingi_MURIDAE_RODENTIA"
"Grammomys_caniceps_MURIDAE_RODENTIA"
"Grammomys_cometes_MURIDAE_RODENTIA"
"Grammomys_dryas_MURIDAE_RODENTIA"
"Grammomys_gigas_MURIDAE_RODENTIA"
"Grammomys_kuru_MURIDAE_RODENTIA"
"Grammomys_minnae_MURIDAE_RODENTIA"
"Grammomys_selousi_MURIDAE_RODENTIA"
"Hadromys_humei_MURIDAE_RODENTIA"
"Hadromys_yunnanensis_MURIDAE_RODENTIA"
"Haeromys_margarettae_MURIDAE_RODENTIA"
"Haeromys_minahassae_MURIDAE_RODENTIA"
"Haeromys_pusillus_MURIDAE_RODENTIA"
"Hapalomys_delacouri_MURIDAE_RODENTIA"
"Hapalomys_longicaudatus_MURIDAE_RODENTIA"
"Hybomys_badius_MURIDAE_RODENTIA"
"Hybomys_basilii_MURIDAE_RODENTIA"
"Hybomys_planifrons_MURIDAE_RODENTIA"
"Hybomys_trivirgatus_MURIDAE_RODENTIA"
"Hydromys_hussoni_MURIDAE_RODENTIA"
"Hydromys_neobritannicus_MURIDAE_RODENTIA"
"Hydromys_ziegleri_MURIDAE_RODENTIA"
"Hylomyscus_carillus_MURIDAE_RODENTIA"
"Hyomys_dammermani_MURIDAE_RODENTIA"
"Kadarsanomys_sodyi_MURIDAE_RODENTIA"
"Komodomys_rintjanus_MURIDAE_RODENTIA"
"Leimacomys_buettneri_MURIDAE_RODENTIA"
"Lemniscomys_griselda_MURIDAE_RODENTIA"
"Lemniscomys_hoogstraali_MURIDAE_RODENTIA"
"Lemniscomys_linulus_MURIDAE_RODENTIA"
"Lemniscomys_mittendorfi_MURIDAE_RODENTIA"
"Lemniscomys_roseveari_MURIDAE_RODENTIA"
"Lenomys_meyeri_MURIDAE_RODENTIA"
"Lenothrix_canus_MURIDAE_RODENTIA"
"Leopoldamys_ciliatus_MURIDAE_RODENTIA"
"Leopoldamys_siporanus_MURIDAE_RODENTIA"
"Leporillus_apicalis_MURIDAE_RODENTIA"
"Leptomys_ernstmayri_MURIDAE_RODENTIA"
"Leptomys_signatus_MURIDAE_RODENTIA"
"Lophuromys_chercherensis_MURIDAE_RODENTIA"
"Lophuromys_cinereus_MURIDAE_RODENTIA"
"Lophuromys_dieterleni_MURIDAE_RODENTIA"
"Lophuromys_eisentrauti_MURIDAE_RODENTIA"
"Lophuromys_huttereri_MURIDAE_RODENTIA"
"Lophuromys_kilonzoi_MURIDAE_RODENTIA"
"Lophuromys_luteogaster_MURIDAE_RODENTIA"
"Lophuromys_machangui_MURIDAE_RODENTIA"
"Lophuromys_makundii_MURIDAE_RODENTIA"
"Lophuromys_medicaudatus_MURIDAE_RODENTIA"
"Lophuromys_menageshae_MURIDAE_RODENTIA"
"Lophuromys_nudicaudus_MURIDAE_RODENTIA"
"Lophuromys_pseudosikapusi_MURIDAE_RODENTIA"
"Lophuromys_rahmi_MURIDAE_RODENTIA"
"Lophuromys_roseveari_MURIDAE_RODENTIA"
"Lophuromys_sabunii_MURIDAE_RODENTIA"
"Lophuromys_stanleyi_MURIDAE_RODENTIA"
"Macruromys_elegans_MURIDAE_RODENTIA"
"Madromys_blanfordi_MURIDAE_RODENTIA"
"Mallomys_aroaensis_MURIDAE_RODENTIA"
"Mallomys_gunung_MURIDAE_RODENTIA"
"Mallomys_istapantap_MURIDAE_RODENTIA"
"Mammelomys_rattoides_MURIDAE_RODENTIA"
"Margaretamys_beccarii_MURIDAE_RODENTIA"
"Margaretamys_christinae_MURIDAE_RODENTIA"
"Margaretamys_parvus_MURIDAE_RODENTIA"
"Mastomys_shortridgei_MURIDAE_RODENTIA"
"Maxomys_alticola_MURIDAE_RODENTIA"
"Maxomys_baeodon_MURIDAE_RODENTIA"
"Maxomys_inas_MURIDAE_RODENTIA"
"Maxomys_inflatus_MURIDAE_RODENTIA"
"Maxomys_wattsi_MURIDAE_RODENTIA"
"Melomys_aerosus_MURIDAE_RODENTIA"
"Melomys_arcium_MURIDAE_RODENTIA"
"Melomys_bannisteri_MURIDAE_RODENTIA"
"Melomys_bougainville_MURIDAE_RODENTIA"
"Melomys_caurinus_MURIDAE_RODENTIA"
"Melomys_cooperae_MURIDAE_RODENTIA"
"Melomys_dollmani_MURIDAE_RODENTIA"
"Melomys_fraterculus_MURIDAE_RODENTIA"
"Melomys_frigicola_MURIDAE_RODENTIA"
"Melomys_fulgens_MURIDAE_RODENTIA"
"Melomys_howi_MURIDAE_RODENTIA"
"Melomys_lutillus_MURIDAE_RODENTIA"
"Melomys_matambuai_MURIDAE_RODENTIA"
"Melomys_obiensis_MURIDAE_RODENTIA"
"Melomys_paveli_MURIDAE_RODENTIA"
"Melomys_talaudium_MURIDAE_RODENTIA"
"Meriones_arimalius_MURIDAE_RODENTIA"
"Meriones_dahli_MURIDAE_RODENTIA"
"Meriones_grandis_MURIDAE_RODENTIA"
"Meriones_hurrianae_MURIDAE_RODENTIA"
"Meriones_persicus_MURIDAE_RODENTIA"
"Meriones_sacramenti_MURIDAE_RODENTIA"
"Meriones_tristrami_MURIDAE_RODENTIA"
"Meriones_vinogradovi_MURIDAE_RODENTIA"
"Meriones_zarudnyi_MURIDAE_RODENTIA"
"Mesembriomys_macrurus_MURIDAE_RODENTIA"
"Microdillus_peeli_MURIDAE_RODENTIA"
"Microhydromys_argenteus_MURIDAE_RODENTIA"
"Microhydromys_richardsoni_MURIDAE_RODENTIA"
"Millardia_gleadowi_MURIDAE_RODENTIA"
"Millardia_kondana_MURIDAE_RODENTIA"
"Mirzamys_louiseae_MURIDAE_RODENTIA"
"Mirzamys_norahae_MURIDAE_RODENTIA"
"Mus_baoulei_MURIDAE_RODENTIA"
"Mus_fernandoni_MURIDAE_RODENTIA"
"Mus_goundae_MURIDAE_RODENTIA"
"Mus_mayori_MURIDAE_RODENTIA"
"Mus_orangiae_MURIDAE_RODENTIA"
"Mus_oubanguii_MURIDAE_RODENTIA"
"Mus_phillipsi_MURIDAE_RODENTIA"
"Mus_setzeri_MURIDAE_RODENTIA"
"Mus_shortridgei_MURIDAE_RODENTIA"
"Mus_vulcani_MURIDAE_RODENTIA"
"Musseromys_anacuao_MURIDAE_RODENTIA"
"Musseromys_beneficus_MURIDAE_RODENTIA"
"Musseromys_inopinatus_MURIDAE_RODENTIA"
"Mylomys_rex_MURIDAE_RODENTIA"
"Myomyscus_angolensis_MURIDAE_RODENTIA"
"Nesokia_bunnii_MURIDAE_RODENTIA"
"Nesoromys_ceramicus_MURIDAE_RODENTIA"
"Nilopegamys_plumbeus_MURIDAE_RODENTIA"
"Niviventer_cameroni_MURIDAE_RODENTIA"
"Niviventer_fraternus_MURIDAE_RODENTIA"
"Niviventer_lepturus_MURIDAE_RODENTIA"
"Notomys_amplus_MURIDAE_RODENTIA"
"Notomys_aquilo_MURIDAE_RODENTIA"
"Notomys_cervinus_MURIDAE_RODENTIA"
"Notomys_longicaudatus_MURIDAE_RODENTIA"
"Notomys_macrotis_MURIDAE_RODENTIA"
"Notomys_mitchellii_MURIDAE_RODENTIA"
"Notomys_mordax_MURIDAE_RODENTIA"
"Oenomys_ornatus_MURIDAE_RODENTIA"
"Otomys_barbouri_MURIDAE_RODENTIA"
"Otomys_cheesmani_MURIDAE_RODENTIA"
"Otomys_cuanzensis_MURIDAE_RODENTIA"
"Otomys_thomasi_MURIDAE_RODENTIA"
"Otomys_uzungwensis_MURIDAE_RODENTIA"
"Otomys_yaldeni_MURIDAE_RODENTIA"
"Palawanomys_furvus_MURIDAE_RODENTIA"
"Papagomys_armandvillei_MURIDAE_RODENTIA"
"Paraleptomys_rufilatus_MURIDAE_RODENTIA"
"Paraleptomys_wilhelmina_MURIDAE_RODENTIA"
"Paramelomys_gressitti_MURIDAE_RODENTIA"
"Paramelomys_lorentzii_MURIDAE_RODENTIA"
"Paramelomys_mollis_MURIDAE_RODENTIA"
"Paramelomys_moncktoni_MURIDAE_RODENTIA"
"Paramelomys_naso_MURIDAE_RODENTIA"
"Paramelomys_platyops_MURIDAE_RODENTIA"
"Paramelomys_rubex_MURIDAE_RODENTIA"
"Paramelomys_steini_MURIDAE_RODENTIA"
"Paulamys_naso_MURIDAE_RODENTIA"
"Pelomys_campanae_MURIDAE_RODENTIA"
"Pelomys_hopkinsi_MURIDAE_RODENTIA"
"Pelomys_isseli_MURIDAE_RODENTIA"
"Pelomys_minor_MURIDAE_RODENTIA"
"Pithecheir_melanurus_MURIDAE_RODENTIA"
"Pithecheir_parvus_MURIDAE_RODENTIA"
"Pithecheirops_otion_MURIDAE_RODENTIA"
"Pogonomelomys_brassi_MURIDAE_RODENTIA"
"Pogonomelomys_bruijnii_MURIDAE_RODENTIA"
"Pogonomelomys_mayeri_MURIDAE_RODENTIA"
"Pogonomys_championi_MURIDAE_RODENTIA"
"Pogonomys_fergussoniensis_MURIDAE_RODENTIA"
"Protochromys_fellowsi_MURIDAE_RODENTIA"
"Pseudohydromys_berniceae_MURIDAE_RODENTIA"
"Pseudohydromys_carlae_MURIDAE_RODENTIA"
"Pseudohydromys_eleanorae_MURIDAE_RODENTIA"
"Pseudohydromys_fuscus_MURIDAE_RODENTIA"
"Pseudohydromys_germani_MURIDAE_RODENTIA"
"Pseudohydromys_murinus_MURIDAE_RODENTIA"
"Pseudohydromys_musseri_MURIDAE_RODENTIA"
"Pseudohydromys_occidentalis_MURIDAE_RODENTIA"
"Pseudohydromys_patriciae_MURIDAE_RODENTIA"
"Pseudohydromys_pumehanae_MURIDAE_RODENTIA"
"Pseudohydromys_sandrae_MURIDAE_RODENTIA"
"Pseudomys_albocinereus_MURIDAE_RODENTIA"
"Pseudomys_apodemoides_MURIDAE_RODENTIA"
"Pseudomys_bolami_MURIDAE_RODENTIA"
"Pseudomys_calabyi_MURIDAE_RODENTIA"
"Pseudomys_delicatulus_MURIDAE_RODENTIA"
"Pseudomys_desertor_MURIDAE_RODENTIA"
"Pseudomys_fieldi_MURIDAE_RODENTIA"
"Pseudomys_glaucus_MURIDAE_RODENTIA"
"Pseudomys_gouldii_MURIDAE_RODENTIA"
"Pseudomys_gracilicaudatus_MURIDAE_RODENTIA"
"Pseudomys_higginsi_MURIDAE_RODENTIA"
"Pseudomys_johnsoni_MURIDAE_RODENTIA"
"Pseudomys_novaehollandiae_MURIDAE_RODENTIA"
"Pseudomys_occidentalis_MURIDAE_RODENTIA"
"Pseudomys_oralis_MURIDAE_RODENTIA"
"Pseudomys_patrius_MURIDAE_RODENTIA"
"Pseudomys_pilligaensis_MURIDAE_RODENTIA"
"Pseudomys_shortridgei_MURIDAE_RODENTIA"
"Rattus_adustus_MURIDAE_RODENTIA"
"Rattus_annandalei_MURIDAE_RODENTIA"
"Rattus_arfakienis_MURIDAE_RODENTIA"
"Rattus_arrogans_MURIDAE_RODENTIA"
"Rattus_blangorum_MURIDAE_RODENTIA"
"Rattus_bontanus_MURIDAE_RODENTIA"
"Rattus_burrus_MURIDAE_RODENTIA"
"Rattus_colletti_MURIDAE_RODENTIA"
"Rattus_elaphinus_MURIDAE_RODENTIA"
"Rattus_enganus_MURIDAE_RODENTIA"
"Rattus_feliceus_MURIDAE_RODENTIA"
"Rattus_hainaldi_MURIDAE_RODENTIA"
"Rattus_hoogerwerfi_MURIDAE_RODENTIA"
"Rattus_jobiensis_MURIDAE_RODENTIA"
"Rattus_koopmani_MURIDAE_RODENTIA"
"Rattus_korinchi_MURIDAE_RODENTIA"
"Rattus_lugens_MURIDAE_RODENTIA"
"Rattus_macleari_MURIDAE_RODENTIA"
"Rattus_marmosurus_MURIDAE_RODENTIA"
"Rattus_mindorensis_MURIDAE_RODENTIA"
"Rattus_mollicomulus_MURIDAE_RODENTIA"
"Rattus_montanus_MURIDAE_RODENTIA"
"Rattus_mordax_MURIDAE_RODENTIA"
"Rattus_nativitatis_MURIDAE_RODENTIA"
"Rattus_nikenii_MURIDAE_RODENTIA"
"Rattus_omichlodes_MURIDAE_RODENTIA"
"Rattus_osgoodi_MURIDAE_RODENTIA"
"Rattus_palmarum_MURIDAE_RODENTIA"
"Rattus_pelurus_MURIDAE_RODENTIA"
"Rattus_pococki_MURIDAE_RODENTIA"
"Rattus_ranjiniae_MURIDAE_RODENTIA"
"Rattus_richardsoni_MURIDAE_RODENTIA"
"Rattus_salocco_MURIDAE_RODENTIA"
"Rattus_simalurensis_MURIDAE_RODENTIA"
"Rattus_stoicus_MURIDAE_RODENTIA"
"Rattus_tawitawiensis_MURIDAE_RODENTIA"
"Rattus_timorensis_MURIDAE_RODENTIA"
"Rattus_vandeuseni_MURIDAE_RODENTIA"
"Rattus_xanthurus_MURIDAE_RODENTIA"
"Solomys_ponceleti_MURIDAE_RODENTIA"
"Solomys_salamonis_MURIDAE_RODENTIA"
"Solomys_sapientis_MURIDAE_RODENTIA"
"Sommeromys_macrorhinos_MURIDAE_RODENTIA"
"Stenocephalemys_ruppi_MURIDAE_RODENTIA"
"Sundamys_infraluteus_MURIDAE_RODENTIA"
"Sundamys_maxi_MURIDAE_RODENTIA"
"Taeromys_arcuatus_MURIDAE_RODENTIA"
"Taeromys_callitrichus_MURIDAE_RODENTIA"
"Taeromys_hamatus_MURIDAE_RODENTIA"
"Taeromys_microbullatus_MURIDAE_RODENTIA"
"Taeromys_punicans_MURIDAE_RODENTIA"
"Taeromys_taerae_MURIDAE_RODENTIA"
"Tarsomys_echinatus_MURIDAE_RODENTIA"
"Tateomys_macrocercus_MURIDAE_RODENTIA"
"Tateomys_rhinogradoides_MURIDAE_RODENTIA"
"Taterillus_congicus_MURIDAE_RODENTIA"
"Taterillus_lacustris_MURIDAE_RODENTIA"
"Taterillus_tranieri_MURIDAE_RODENTIA"
"Thallomys_shortridgei_MURIDAE_RODENTIA"
"Thamnomys_kempi_MURIDAE_RODENTIA"
"Thamnomys_schoutedeni_MURIDAE_RODENTIA"
"Thamnomys_venustus_MURIDAE_RODENTIA"
"Tryphomys_adustus_MURIDAE_RODENTIA"
"Uromys_anak_MURIDAE_RODENTIA"
"Uromys_boeadii_MURIDAE_RODENTIA"
"Uromys_emmae_MURIDAE_RODENTIA"
"Uromys_hadrourus_MURIDAE_RODENTIA"
"Uromys_imperator_MURIDAE_RODENTIA"
"Uromys_neobritannicus_MURIDAE_RODENTIA"
"Uromys_porculus_MURIDAE_RODENTIA"
"Uromys_rex_MURIDAE_RODENTIA"
"Uromys_siebersi_MURIDAE_RODENTIA"
"Vandeleuria_nilagirica_MURIDAE_RODENTIA"
"Vandeleuria_nolthenii_MURIDAE_RODENTIA"
"Vandeleuria_oleracea_MURIDAE_RODENTIA"
"Vernaya_fulva_MURIDAE_RODENTIA"
"Xenuromys_barbatus_MURIDAE_RODENTIA"
"Zelotomys_woosnami_MURIDAE_RODENTIA"
"Zyzomys_maini_MURIDAE_RODENTIA"
"Zyzomys_palatalis_MURIDAE_RODENTIA"
"Zyzomys_pedunculatus_MURIDAE_RODENTIA"
"Zyzomys_woodwardi_MURIDAE_RODENTIA"
"Aonyx_congicus_MUSTELIDAE_CARNIVORA"
"Martes_gwatkinsii_MUSTELIDAE_CARNIVORA"
"Melogale_everetti_MUSTELIDAE_CARNIVORA"
"Melogale_orientalis_MUSTELIDAE_CARNIVORA"
"Mustela_lutreolina_MUSTELIDAE_CARNIVORA"
"Mustela_subpalmata_MUSTELIDAE_CARNIVORA"
"Neovison_macrodon_MUSTELIDAE_CARNIVORA"
"Tamandua_mexicana_MYRMECOPHAGIDAE_PILOSA"
"Mystacina_robusta_MYSTACINIDAE_CHIROPTERA"
"Natalus_espiritosantensis_NATALIDAE_CHIROPTERA"
"Natalus_lanatus_NATALIDAE_CHIROPTERA"
"Natalus_mexicanus_NATALIDAE_CHIROPTERA"
"Natalus_primus_NATALIDAE_CHIROPTERA"
"Brachytarsomys_villosa_NESOMYIDAE_RODENTIA"
"Dendromus_kahuziensis_NESOMYIDAE_RODENTIA"
"Dendromus_lachaisei_NESOMYIDAE_RODENTIA"
"Dendromus_lovati_NESOMYIDAE_RODENTIA"
"Dendromus_messorius_NESOMYIDAE_RODENTIA"
"Dendromus_oreas_NESOMYIDAE_RODENTIA"
"Dendromus_ruppi_NESOMYIDAE_RODENTIA"
"Dendromus_vernayi_NESOMYIDAE_RODENTIA"
"Dendroprionomys_rousseloti_NESOMYIDAE_RODENTIA"
"Eliurus_danieli_NESOMYIDAE_RODENTIA"
"Eliurus_penicillatus_NESOMYIDAE_RODENTIA"
"Eliurus_petteri_NESOMYIDAE_RODENTIA"
"Macrotarsomys_petteri_NESOMYIDAE_RODENTIA"
"Megadendromus_nikolausi_NESOMYIDAE_RODENTIA"
"Nesomys_lambertoni_NESOMYIDAE_RODENTIA"
"Petromyscus_barbouri_NESOMYIDAE_RODENTIA"
"Petromyscus_shortridgei_NESOMYIDAE_RODENTIA"
"Prionomys_batesi_NESOMYIDAE_RODENTIA"
"Saccostomus_mearnsi_NESOMYIDAE_RODENTIA"
"Steatomys_bocagei_NESOMYIDAE_RODENTIA"
"Steatomys_caurinus_NESOMYIDAE_RODENTIA"
"Steatomys_cuppedius_NESOMYIDAE_RODENTIA"
"Steatomys_jacksoni_NESOMYIDAE_RODENTIA"
"Steatomys_opimus_NESOMYIDAE_RODENTIA"
"Steatomys_pratensis_NESOMYIDAE_RODENTIA"
"Voalavo_antsahabensis_NESOMYIDAE_RODENTIA"
"Nesophontes_edithae_NESOPHONTIDAE_EULIPOTYPHLA"
"Nesophontes_hypomicrus_NESOPHONTIDAE_EULIPOTYPHLA"
"Nesophontes_major_NESOPHONTIDAE_EULIPOTYPHLA"
"Nesophontes_micrus_NESOPHONTIDAE_EULIPOTYPHLA"
"Nesophontes_paramicrus_NESOPHONTIDAE_EULIPOTYPHLA"
"Nesophontes_zamicrus_NESOPHONTIDAE_EULIPOTYPHLA"
"Nycteris_arge_NYCTERIDAE_CHIROPTERA"
"Nycteris_aurita_NYCTERIDAE_CHIROPTERA"
"Nycteris_gambiensis_NYCTERIDAE_CHIROPTERA"
"Nycteris_intermedia_NYCTERIDAE_CHIROPTERA"
"Nycteris_madagascariensis_NYCTERIDAE_CHIROPTERA"
"Nycteris_major_NYCTERIDAE_CHIROPTERA"
"Nycteris_nana_NYCTERIDAE_CHIROPTERA"
"Nycteris_parisii_NYCTERIDAE_CHIROPTERA"
"Nycteris_vinsoni_NYCTERIDAE_CHIROPTERA"
"Nycteris_woodi_NYCTERIDAE_CHIROPTERA"
"Ochotona_coreana_OCHOTONIDAE_LAGOMORPHA"
"Ochotona_iliensis_OCHOTONIDAE_LAGOMORPHA"
"Ochotona_pusilla_OCHOTONIDAE_LAGOMORPHA"
"Octodon_pacificus_OCTODONTIDAE_RODENTIA"
"Tympanoctomys_kirchnerorum_OCTODONTIDAE_RODENTIA"
"Zalophus_japonicus_OTARIIDAE_CARNIVORA"
"Echymipera_davidi_PERAMELIDAE_PERAMELEMORPHIA"
"Echymipera_echinista_PERAMELIDAE_PERAMELEMORPHIA"
"Microperoryctes_aplini_PERAMELIDAE_PERAMELEMORPHIA"
"Microperoryctes_murina_PERAMELIDAE_PERAMELEMORPHIA"
"Perameles_eremiana_PERAMELIDAE_PERAMELEMORPHIA"
"Rhynchomeles_prattorum_PERAMELIDAE_PERAMELEMORPHIA"
"Dactylopsila_megalura_PETAURIDAE_DIPROTODONTIA"
"Dactylopsila_tatei_PETAURIDAE_DIPROTODONTIA"
"Petaurus_australis_PETAURIDAE_DIPROTODONTIA"
"Petaurus_biacensis_PETAURIDAE_DIPROTODONTIA"
"Ailurops_melanotis_PHALANGERIDAE_DIPROTODONTIA"
"Phalanger_alexandrae_PHALANGERIDAE_DIPROTODONTIA"
"Phalanger_intercastellanus_PHALANGERIDAE_DIPROTODONTIA"
"Phalanger_matabiru_PHALANGERIDAE_DIPROTODONTIA"
"Phalanger_matanim_PHALANGERIDAE_DIPROTODONTIA"
"Phalanger_mimicus_PHALANGERIDAE_DIPROTODONTIA"
"Phalanger_ornatus_PHALANGERIDAE_DIPROTODONTIA"
"Phalanger_rothschildi_PHALANGERIDAE_DIPROTODONTIA"
"Spilocuscus_kraemeri_PHALANGERIDAE_DIPROTODONTIA"
"Spilocuscus_papuensis_PHALANGERIDAE_DIPROTODONTIA"
"Spilocuscus_wilsoni_PHALANGERIDAE_DIPROTODONTIA"
"Trichosurus_cunninghami_PHALANGERIDAE_DIPROTODONTIA"
"Anoura_canishina_PHYLLOSTOMIDAE_CHIROPTERA"
"Anoura_fistulata_PHYLLOSTOMIDAE_CHIROPTERA"
"Anoura_luismanueli_PHYLLOSTOMIDAE_CHIROPTERA"
"Chiroderma_vizottoi_PHYLLOSTOMIDAE_CHIROPTERA"
"Choeroniscus_periosus_PHYLLOSTOMIDAE_CHIROPTERA"
"Desmodus_draculae_PHYLLOSTOMIDAE_CHIROPTERA"
"Dryadonycteris_capixaba_PHYLLOSTOMIDAE_CHIROPTERA"
"Glyphonycteris_behnii_PHYLLOSTOMIDAE_CHIROPTERA"
"Lonchophylla_bokermanni_PHYLLOSTOMIDAE_CHIROPTERA"
"Lonchophylla_dekeyseri_PHYLLOSTOMIDAE_CHIROPTERA"
"Lonchophylla_fornicata_PHYLLOSTOMIDAE_CHIROPTERA"
"Lonchophylla_inexpectata_PHYLLOSTOMIDAE_CHIROPTERA"
"Lonchophylla_orcesi_PHYLLOSTOMIDAE_CHIROPTERA"
"Lonchophylla_peracchii_PHYLLOSTOMIDAE_CHIROPTERA"
"Lonchophylla_thomasi_PHYLLOSTOMIDAE_CHIROPTERA"
"Lonchorhina_fernandezi_PHYLLOSTOMIDAE_CHIROPTERA"
"Lonchorhina_marinkellei_PHYLLOSTOMIDAE_CHIROPTERA"
"Lophostoma_aequatorialis_PHYLLOSTOMIDAE_CHIROPTERA"
"Lophostoma_kalkoae_PHYLLOSTOMIDAE_CHIROPTERA"
"Lophostoma_yasuni_PHYLLOSTOMIDAE_CHIROPTERA"
"Micronycteris_sanborni_PHYLLOSTOMIDAE_CHIROPTERA"
"Mimon_koepckeae_PHYLLOSTOMIDAE_CHIROPTERA"
"Neonycteris_pusilla_PHYLLOSTOMIDAE_CHIROPTERA"
"Platyrrhinus_chocoensis_PHYLLOSTOMIDAE_CHIROPTERA"
"Platyrrhinus_nigellus_PHYLLOSTOMIDAE_CHIROPTERA"
"Platyrrhinus_nitelinea_PHYLLOSTOMIDAE_CHIROPTERA"
"Platyrrhinus_umbratus_PHYLLOSTOMIDAE_CHIROPTERA"
"Scleronycteris_ega_PHYLLOSTOMIDAE_CHIROPTERA"
"Sturnira_mistratensis_PHYLLOSTOMIDAE_CHIROPTERA"
"Sturnira_sorianoi_PHYLLOSTOMIDAE_CHIROPTERA"
"Vampyressa_elisabethae_PHYLLOSTOMIDAE_CHIROPTERA"
"Vampyressa_sinchi_PHYLLOSTOMIDAE_CHIROPTERA"
"Callicebus_aureipalatii_PITHECIIDAE_PRIMATES"
"Callicebus_baptista_PITHECIIDAE_PRIMATES"
"Callicebus_barbarabrownae_PITHECIIDAE_PRIMATES"
"Callicebus_bernhardi_PITHECIIDAE_PRIMATES"
"Callicebus_caquetensis_PITHECIIDAE_PRIMATES"
"Callicebus_cinerascens_PITHECIIDAE_PRIMATES"
"Callicebus_discolor_PITHECIIDAE_PRIMATES"
"Callicebus_dubius_PITHECIIDAE_PRIMATES"
"Callicebus_lucifer_PITHECIIDAE_PRIMATES"
"Callicebus_medemi_PITHECIIDAE_PRIMATES"
"Callicebus_melanochir_PITHECIIDAE_PRIMATES"
"Callicebus_miltoni_PITHECIIDAE_PRIMATES"
"Callicebus_modestus_PITHECIIDAE_PRIMATES"
"Callicebus_oenanthe_PITHECIIDAE_PRIMATES"
"Callicebus_olallae_PITHECIIDAE_PRIMATES"
"Callicebus_ornatus_PITHECIIDAE_PRIMATES"
"Callicebus_pallescens_PITHECIIDAE_PRIMATES"
"Callicebus_regulus_PITHECIIDAE_PRIMATES"
"Callicebus_stephennashi_PITHECIIDAE_PRIMATES"
"Callicebus_urubambensis_PITHECIIDAE_PRIMATES"
"Callicebus_vieirai_PITHECIIDAE_PRIMATES"
"Chiropotes_satanas_PITHECIIDAE_PRIMATES"
"Pithecia_aequatorialis_PITHECIIDAE_PRIMATES"
"Pithecia_albicans_PITHECIIDAE_PRIMATES"
"Pithecia_cazuzai_PITHECIIDAE_PRIMATES"
"Pithecia_chrysocephala_PITHECIIDAE_PRIMATES"
"Pithecia_hirsuta_PITHECIIDAE_PRIMATES"
"Pithecia_insuta_PITHECIIDAE_PRIMATES"
"Pithecia_isabela_PITHECIIDAE_PRIMATES"
"Pithecia_milleri_PITHECIIDAE_PRIMATES"
"Pithecia_mittermeieri_PITHECIIDAE_PRIMATES"
"Pithecia_napensis_PITHECIIDAE_PRIMATES"
"Pithecia_pissinattii_PITHECIIDAE_PRIMATES"
"Pithecia_rylandsi_PITHECIIDAE_PRIMATES"
"Pithecia_vanzolinii_PITHECIIDAE_PRIMATES"
"Xenothrix_mcgregori_PITHECIIDAE_PRIMATES"
"Platacanthomys_lasiurus_PLATACANTHOMYIDAE_RODENTIA"
"Bettongia_pusilla_POTOROIDAE_DIPROTODONTIA"
"Caloprymnus_campestris_POTOROIDAE_DIPROTODONTIA"
"Dendrohyrax_arboreus_PROCAVIIDAE_HYRACOIDEA"
"Dendrohyrax_validus_PROCAVIIDAE_HYRACOIDEA"
"Procyon_pygmaeus_PROCYONIDAE_CARNIVORA"
"Prolagus_sardus_PROLAGIDAE_LAGOMORPHA"
"Pseudocheirus_occidentalis_PSEUDOCHEIRIDAE_DIPROTODONTIA"
"Pseudochirops_coronatus_PSEUDOCHEIRIDAE_DIPROTODONTIA"
"Pseudochirulus_cinereus_PSEUDOCHEIRIDAE_DIPROTODONTIA"
"Pseudochirulus_larvatus_PSEUDOCHEIRIDAE_DIPROTODONTIA"
"Pseudochirulus_schlegeli_PSEUDOCHEIRIDAE_DIPROTODONTIA"
"Acerodon_humilis_PTEROPODIDAE_CHIROPTERA"
"Acerodon_leucotis_PTEROPODIDAE_CHIROPTERA"
"Acerodon_mackloti_PTEROPODIDAE_CHIROPTERA"
"Aproteles_bulmerae_PTEROPODIDAE_CHIROPTERA"
"Cynopterus_luzoniensis_PTEROPODIDAE_CHIROPTERA"
"Cynopterus_minutus_PTEROPODIDAE_CHIROPTERA"
"Cynopterus_nusatenggara_PTEROPODIDAE_CHIROPTERA"
"Dobsonia_anderseni_PTEROPODIDAE_CHIROPTERA"
"Dobsonia_beauforti_PTEROPODIDAE_CHIROPTERA"
"Dobsonia_chapmani_PTEROPODIDAE_CHIROPTERA"
"Dobsonia_crenulata_PTEROPODIDAE_CHIROPTERA"
"Dobsonia_emersa_PTEROPODIDAE_CHIROPTERA"
"Dobsonia_exoleta_PTEROPODIDAE_CHIROPTERA"
"Dobsonia_pannietensis_PTEROPODIDAE_CHIROPTERA"
"Dobsonia_peronii_PTEROPODIDAE_CHIROPTERA"
"Dobsonia_viridis_PTEROPODIDAE_CHIROPTERA"
"Dyacopterus_brooksi_PTEROPODIDAE_CHIROPTERA"
"Dyacopterus_rickarti_PTEROPODIDAE_CHIROPTERA"
"Epomophorus_angolensis_PTEROPODIDAE_CHIROPTERA"
"Epomophorus_anselli_PTEROPODIDAE_CHIROPTERA"
"Epomophorus_crypturus_PTEROPODIDAE_CHIROPTERA"
"Epomophorus_grandis_PTEROPODIDAE_CHIROPTERA"
"Epomophorus_minimus_PTEROPODIDAE_CHIROPTERA"
"Epomops_buettikoferi_PTEROPODIDAE_CHIROPTERA"
"Epomops_dobsonii_PTEROPODIDAE_CHIROPTERA"
"Micropteropus_intermedius_PTEROPODIDAE_CHIROPTERA"
"Neopteryx_frosti_PTEROPODIDAE_CHIROPTERA"
"Notopteris_macdonaldi_PTEROPODIDAE_CHIROPTERA"
"Notopteris_neocaledonica_PTEROPODIDAE_CHIROPTERA"
"Nyctimene_certans_PTEROPODIDAE_CHIROPTERA"
"Nyctimene_cyclotis_PTEROPODIDAE_CHIROPTERA"
"Nyctimene_draconilla_PTEROPODIDAE_CHIROPTERA"
"Nyctimene_keasti_PTEROPODIDAE_CHIROPTERA"
"Nyctimene_malaitensis_PTEROPODIDAE_CHIROPTERA"
"Nyctimene_masalai_PTEROPODIDAE_CHIROPTERA"
"Nyctimene_minutus_PTEROPODIDAE_CHIROPTERA"
"Nyctimene_rabori_PTEROPODIDAE_CHIROPTERA"
"Nyctimene_sanctacrucis_PTEROPODIDAE_CHIROPTERA"
"Paranyctimene_tenax_PTEROPODIDAE_CHIROPTERA"
"Plerotes_anchietae_PTEROPODIDAE_CHIROPTERA"
"Pteralopex_anceps_PTEROPODIDAE_CHIROPTERA"
"Pteralopex_atrata_PTEROPODIDAE_CHIROPTERA"
"Pteralopex_flanneryi_PTEROPODIDAE_CHIROPTERA"
"Pteralopex_pulchra_PTEROPODIDAE_CHIROPTERA"
"Pteropus_argentatus_PTEROPODIDAE_CHIROPTERA"
"Pteropus_aruensis_PTEROPODIDAE_CHIROPTERA"
"Pteropus_brunneus_PTEROPODIDAE_CHIROPTERA"
"Pteropus_caniceps_PTEROPODIDAE_CHIROPTERA"
"Pteropus_chrysoproctus_PTEROPODIDAE_CHIROPTERA"
"Pteropus_cognatus_PTEROPODIDAE_CHIROPTERA"
"Pteropus_faunulus_PTEROPODIDAE_CHIROPTERA"
"Pteropus_fundatus_PTEROPODIDAE_CHIROPTERA"
"Pteropus_griseus_PTEROPODIDAE_CHIROPTERA"
"Pteropus_howensis_PTEROPODIDAE_CHIROPTERA"
"Pteropus_intermedius_PTEROPODIDAE_CHIROPTERA"
"Pteropus_keyensis_PTEROPODIDAE_CHIROPTERA"
"Pteropus_loochoensis_PTEROPODIDAE_CHIROPTERA"
"Pteropus_melanopogon_PTEROPODIDAE_CHIROPTERA"
"Pteropus_melanotus_PTEROPODIDAE_CHIROPTERA"
"Pteropus_ocularis_PTEROPODIDAE_CHIROPTERA"
"Pteropus_personatus_PTEROPODIDAE_CHIROPTERA"
"Pteropus_pilosus_PTEROPODIDAE_CHIROPTERA"
"Pteropus_pselaphon_PTEROPODIDAE_CHIROPTERA"
"Pteropus_rennelli_PTEROPODIDAE_CHIROPTERA"
"Pteropus_subniger_PTEROPODIDAE_CHIROPTERA"
"Pteropus_ualanus_PTEROPODIDAE_CHIROPTERA"
"Pteropus_vetulus_PTEROPODIDAE_CHIROPTERA"
"Rousettus_celebensis_PTEROPODIDAE_CHIROPTERA"
"Rousettus_linduensis_PTEROPODIDAE_CHIROPTERA"
"Syconycteris_carolinae_PTEROPODIDAE_CHIROPTERA"
"Syconycteris_hobbit_PTEROPODIDAE_CHIROPTERA"
"Thoopterus_suhaniahae_PTEROPODIDAE_CHIROPTERA"
"Rhinolophus_adami_RHINOLOPHIDAE_CHIROPTERA"
"Rhinolophus_bocharicus_RHINOLOPHIDAE_CHIROPTERA"
"Rhinolophus_canuti_RHINOLOPHIDAE_CHIROPTERA"
"Rhinolophus_convexus_RHINOLOPHIDAE_CHIROPTERA"
"Rhinolophus_deckenii_RHINOLOPHIDAE_CHIROPTERA"
"Rhinolophus_francisi_RHINOLOPHIDAE_CHIROPTERA"
"Rhinolophus_guineensis_RHINOLOPHIDAE_CHIROPTERA"
"Rhinolophus_hilli_RHINOLOPHIDAE_CHIROPTERA"
"Rhinolophus_hillorum_RHINOLOPHIDAE_CHIROPTERA"
"Rhinolophus_huananus_RHINOLOPHIDAE_CHIROPTERA"
"Rhinolophus_inops_RHINOLOPHIDAE_CHIROPTERA"
"Rhinolophus_kahuzi_RHINOLOPHIDAE_CHIROPTERA"
"Rhinolophus_keyensis_RHINOLOPHIDAE_CHIROPTERA"
"Rhinolophus_luctoides_RHINOLOPHIDAE_CHIROPTERA"
"Rhinolophus_madurensis_RHINOLOPHIDAE_CHIROPTERA"
"Rhinolophus_maendeleo_RHINOLOPHIDAE_CHIROPTERA"
"Rhinolophus_mitratus_RHINOLOPHIDAE_CHIROPTERA"
"Rhinolophus_montanus_RHINOLOPHIDAE_CHIROPTERA"
"Rhinolophus_nereis_RHINOLOPHIDAE_CHIROPTERA"
"Rhinolophus_osgoodi_RHINOLOPHIDAE_CHIROPTERA"
"Rhinolophus_rufus_RHINOLOPHIDAE_CHIROPTERA"
"Rhinolophus_sakejiensis_RHINOLOPHIDAE_CHIROPTERA"
"Rhinolophus_schnitzleri_RHINOLOPHIDAE_CHIROPTERA"
"Rhinolophus_shortridgei_RHINOLOPHIDAE_CHIROPTERA"
"Rhinolophus_silvestris_RHINOLOPHIDAE_CHIROPTERA"
"Rhinolophus_subbadius_RHINOLOPHIDAE_CHIROPTERA"
"Rhinolophus_thailandensis_RHINOLOPHIDAE_CHIROPTERA"
"Rhinolophus_willardi_RHINOLOPHIDAE_CHIROPTERA"
"Rhinolophus_ziama_RHINOLOPHIDAE_CHIROPTERA"
"Rhinopoma_macinnesi_RHINOPOMATIDAE_CHIROPTERA"
"Aeromys_thomasi_SCIURIDAE_RODENTIA"
"Ammospermophilus_nelsoni_SCIURIDAE_RODENTIA"
"Biswamoyopterus_biswasi_SCIURIDAE_RODENTIA"
"Biswamoyopterus_laoensis_SCIURIDAE_RODENTIA"
"Callosciurus_adamsi_SCIURIDAE_RODENTIA"
"Callosciurus_albescens_SCIURIDAE_RODENTIA"
"Callosciurus_baluensis_SCIURIDAE_RODENTIA"
"Callosciurus_melanogaster_SCIURIDAE_RODENTIA"
"Callosciurus_phayrei_SCIURIDAE_RODENTIA"
"Callosciurus_pygerythrus_SCIURIDAE_RODENTIA"
"Callosciurus_quinquestriatus_SCIURIDAE_RODENTIA"
"Dremomys_everetti_SCIURIDAE_RODENTIA"
"Exilisciurus_whiteheadi_SCIURIDAE_RODENTIA"
"Funambulus_layardi_SCIURIDAE_RODENTIA"
"Funambulus_sublineatus_SCIURIDAE_RODENTIA"
"Funambulus_tristriatus_SCIURIDAE_RODENTIA"
"Funisciurus_anerythrus_SCIURIDAE_RODENTIA"
"Funisciurus_bayonii_SCIURIDAE_RODENTIA"
"Funisciurus_congicus_SCIURIDAE_RODENTIA"
"Funisciurus_duchaillui_SCIURIDAE_RODENTIA"
"Funisciurus_isabella_SCIURIDAE_RODENTIA"
"Funisciurus_lemniscatus_SCIURIDAE_RODENTIA"
"Funisciurus_leucogenys_SCIURIDAE_RODENTIA"
"Funisciurus_substriatus_SCIURIDAE_RODENTIA"
"Glyphotes_simus_SCIURIDAE_RODENTIA"
"Heliosciurus_gambianus_SCIURIDAE_RODENTIA"
"Heliosciurus_mutabilis_SCIURIDAE_RODENTIA"
"Heliosciurus_punctatus_SCIURIDAE_RODENTIA"
"Heliosciurus_rufobrachium_SCIURIDAE_RODENTIA"
"Hylopetes_bartelsi_SCIURIDAE_RODENTIA"
"Hylopetes_platyurus_SCIURIDAE_RODENTIA"
"Hylopetes_sipora_SCIURIDAE_RODENTIA"
"Hylopetes_winstoni_SCIURIDAE_RODENTIA"
"Hyosciurus_ileile_SCIURIDAE_RODENTIA"
"Iomys_sipora_SCIURIDAE_RODENTIA"
"Lariscus_hosei_SCIURIDAE_RODENTIA"
"Lariscus_niobe_SCIURIDAE_RODENTIA"
"Lariscus_obscurus_SCIURIDAE_RODENTIA"
"Microsciurus_mimulus_SCIURIDAE_RODENTIA"
"Microsciurus_santanderensis_SCIURIDAE_RODENTIA"
"Paraxerus_boehmi_SCIURIDAE_RODENTIA"
"Paraxerus_cooperi_SCIURIDAE_RODENTIA"
"Paraxerus_flavovittis_SCIURIDAE_RODENTIA"
"Paraxerus_lucifer_SCIURIDAE_RODENTIA"
"Paraxerus_palliatus_SCIURIDAE_RODENTIA"
"Paraxerus_poensis_SCIURIDAE_RODENTIA"
"Paraxerus_vincenti_SCIURIDAE_RODENTIA"
"Petaurillus_emiliae_SCIURIDAE_RODENTIA"
"Petaurillus_hosei_SCIURIDAE_RODENTIA"
"Petaurista_magnificus_SCIURIDAE_RODENTIA"
"Petaurista_mechukaensis_SCIURIDAE_RODENTIA"
"Petaurista_mishmiensis_SCIURIDAE_RODENTIA"
"Petaurista_nobilis_SCIURIDAE_RODENTIA"
"Petaurista_siangensis_SCIURIDAE_RODENTIA"
"Petinomys_crinitus_SCIURIDAE_RODENTIA"
"Petinomys_fuscocapillus_SCIURIDAE_RODENTIA"
"Petinomys_genibarbis_SCIURIDAE_RODENTIA"
"Petinomys_hageni_SCIURIDAE_RODENTIA"
"Petinomys_lugens_SCIURIDAE_RODENTIA"
"Petinomys_mindanensis_SCIURIDAE_RODENTIA"
"Petinomys_sagitta_SCIURIDAE_RODENTIA"
"Petinomys_vordermanni_SCIURIDAE_RODENTIA"
"Prosciurillus_abstrusus_SCIURIDAE_RODENTIA"
"Prosciurillus_leucomus_SCIURIDAE_RODENTIA"
"Prosciurillus_rosenbergii_SCIURIDAE_RODENTIA"
"Prosciurillus_weberi_SCIURIDAE_RODENTIA"
"Protoxerus_aubinnii_SCIURIDAE_RODENTIA"
"Ratufa_indica_SCIURIDAE_RODENTIA"
"Sciurotamias_forresti_SCIURIDAE_RODENTIA"
"Sciurus_alleni_SCIURIDAE_RODENTIA"
"Sciurus_arizonensis_SCIURIDAE_RODENTIA"
"Sciurus_colliaei_SCIURIDAE_RODENTIA"
"Sciurus_flammifer_SCIURIDAE_RODENTIA"
"Sciurus_nayaritensis_SCIURIDAE_RODENTIA"
"Sciurus_pucheranii_SCIURIDAE_RODENTIA"
"Sciurus_pyrrhinus_SCIURIDAE_RODENTIA"
"Sciurus_richmondi_SCIURIDAE_RODENTIA"
"Sciurus_sanborni_SCIURIDAE_RODENTIA"
"Sciurus_yucatanensis_SCIURIDAE_RODENTIA"
"Spermophilus_brevicauda_SCIURIDAE_RODENTIA"
"Spermophilus_ralli_SCIURIDAE_RODENTIA"
"Sundasciurus_davensis_SCIURIDAE_RODENTIA"
"Syntheosciurus_brochus_SCIURIDAE_RODENTIA"
"Solenodon_cubanus_SOLENODONTIDAE_EULIPOTYPHLA"
"Solenodon_marcanoi_SOLENODONTIDAE_EULIPOTYPHLA"
"Anourosorex_assamensis_SORICIDAE_EULIPOTYPHLA"
"Anourosorex_schmidi_SORICIDAE_EULIPOTYPHLA"
"Chimarrogale_hantu_SORICIDAE_EULIPOTYPHLA"
"Chimarrogale_sumatrana_SORICIDAE_EULIPOTYPHLA"
"Chodsigoa_lamula_SORICIDAE_EULIPOTYPHLA"
"Chodsigoa_parva_SORICIDAE_EULIPOTYPHLA"
"Chodsigoa_salenskii_SORICIDAE_EULIPOTYPHLA"
"Chodsigoa_smithii_SORICIDAE_EULIPOTYPHLA"
"Congosorex_polli_SORICIDAE_EULIPOTYPHLA"
"Congosorex_verheyeni_SORICIDAE_EULIPOTYPHLA"
"Crocidura_allex_SORICIDAE_EULIPOTYPHLA"
"Crocidura_andamanensis_SORICIDAE_EULIPOTYPHLA"
"Crocidura_annamitensis_SORICIDAE_EULIPOTYPHLA"
"Crocidura_ansellorum_SORICIDAE_EULIPOTYPHLA"
"Crocidura_arabica_SORICIDAE_EULIPOTYPHLA"
"Crocidura_arispa_SORICIDAE_EULIPOTYPHLA"
"Crocidura_armenica_SORICIDAE_EULIPOTYPHLA"
"Crocidura_baluensis_SORICIDAE_EULIPOTYPHLA"
"Crocidura_bottegi_SORICIDAE_EULIPOTYPHLA"
"Crocidura_bottegoides_SORICIDAE_EULIPOTYPHLA"
"Crocidura_congobelgica_SORICIDAE_EULIPOTYPHLA"
"Crocidura_cranbrooki_SORICIDAE_EULIPOTYPHLA"
"Crocidura_denti_SORICIDAE_EULIPOTYPHLA"
"Crocidura_desperata_SORICIDAE_EULIPOTYPHLA"
"Crocidura_dhofarensis_SORICIDAE_EULIPOTYPHLA"
"Crocidura_eisentrauti_SORICIDAE_EULIPOTYPHLA"
"Crocidura_elgonius_SORICIDAE_EULIPOTYPHLA"
"Crocidura_erica_SORICIDAE_EULIPOTYPHLA"
"Crocidura_fingui_SORICIDAE_EULIPOTYPHLA"
"Crocidura_fischeri_SORICIDAE_EULIPOTYPHLA"
"Crocidura_floweri_SORICIDAE_EULIPOTYPHLA"
"Crocidura_foxi_SORICIDAE_EULIPOTYPHLA"
"Crocidura_fumosa_SORICIDAE_EULIPOTYPHLA"
"Crocidura_gmelini_SORICIDAE_EULIPOTYPHLA"
"Crocidura_gracilipes_SORICIDAE_EULIPOTYPHLA"
"Crocidura_grandis_SORICIDAE_EULIPOTYPHLA"
"Crocidura_greenwoodi_SORICIDAE_EULIPOTYPHLA"
"Crocidura_guy_SORICIDAE_EULIPOTYPHLA"
"Crocidura_harenna_SORICIDAE_EULIPOTYPHLA"
"Crocidura_hilliana_SORICIDAE_EULIPOTYPHLA"
"Crocidura_hispida_SORICIDAE_EULIPOTYPHLA"
"Crocidura_hutanis_SORICIDAE_EULIPOTYPHLA"
"Crocidura_jacksoni_SORICIDAE_EULIPOTYPHLA"
"Crocidura_jenkinsi_SORICIDAE_EULIPOTYPHLA"
"Crocidura_katinka_SORICIDAE_EULIPOTYPHLA"
"Crocidura_kivuana_SORICIDAE_EULIPOTYPHLA"
"Crocidura_lanosa_SORICIDAE_EULIPOTYPHLA"
"Crocidura_longipes_SORICIDAE_EULIPOTYPHLA"
"Crocidura_lucina_SORICIDAE_EULIPOTYPHLA"
"Crocidura_lwiroensis_SORICIDAE_EULIPOTYPHLA"
"Crocidura_macarthuri_SORICIDAE_EULIPOTYPHLA"
"Crocidura_macowi_SORICIDAE_EULIPOTYPHLA"
"Crocidura_manengubae_SORICIDAE_EULIPOTYPHLA"
"Crocidura_maquassiensis_SORICIDAE_EULIPOTYPHLA"
"Crocidura_maxi_SORICIDAE_EULIPOTYPHLA"
"Crocidura_nana_SORICIDAE_EULIPOTYPHLA"
"Crocidura_nicobarica_SORICIDAE_EULIPOTYPHLA"
"Crocidura_nigeriae_SORICIDAE_EULIPOTYPHLA"
"Crocidura_nigricans_SORICIDAE_EULIPOTYPHLA"
"Crocidura_nigrofusca_SORICIDAE_EULIPOTYPHLA"
"Crocidura_orii_SORICIDAE_EULIPOTYPHLA"
"Crocidura_pasha_SORICIDAE_EULIPOTYPHLA"
"Crocidura_pergrisea_SORICIDAE_EULIPOTYPHLA"
"Crocidura_phaeura_SORICIDAE_EULIPOTYPHLA"
"Crocidura_phanluongi_SORICIDAE_EULIPOTYPHLA"
"Crocidura_picea_SORICIDAE_EULIPOTYPHLA"
"Crocidura_pitmani_SORICIDAE_EULIPOTYPHLA"
"Crocidura_planiceps_SORICIDAE_EULIPOTYPHLA"
"Crocidura_polia_SORICIDAE_EULIPOTYPHLA"
"Crocidura_pullata_SORICIDAE_EULIPOTYPHLA"
"Crocidura_raineyi_SORICIDAE_EULIPOTYPHLA"
"Crocidura_ramona_SORICIDAE_EULIPOTYPHLA"
"Crocidura_religiosa_SORICIDAE_EULIPOTYPHLA"
"Crocidura_sapaensis_SORICIDAE_EULIPOTYPHLA"
"Crocidura_selina_SORICIDAE_EULIPOTYPHLA"
"Crocidura_serezkyensis_SORICIDAE_EULIPOTYPHLA"
"Crocidura_smithii_SORICIDAE_EULIPOTYPHLA"
"Crocidura_somalica_SORICIDAE_EULIPOTYPHLA"
"Crocidura_susiana_SORICIDAE_EULIPOTYPHLA"
"Crocidura_tansaniana_SORICIDAE_EULIPOTYPHLA"
"Crocidura_tarella_SORICIDAE_EULIPOTYPHLA"
"Crocidura_tenuis_SORICIDAE_EULIPOTYPHLA"
"Crocidura_thomensis_SORICIDAE_EULIPOTYPHLA"
"Crocidura_trichura_SORICIDAE_EULIPOTYPHLA"
"Crocidura_turba_SORICIDAE_EULIPOTYPHLA"
"Crocidura_ultima_SORICIDAE_EULIPOTYPHLA"
"Crocidura_usambarae_SORICIDAE_EULIPOTYPHLA"
"Crocidura_virgata_SORICIDAE_EULIPOTYPHLA"
"Crocidura_vorax_SORICIDAE_EULIPOTYPHLA"
"Crocidura_vosmaeri_SORICIDAE_EULIPOTYPHLA"
"Crocidura_whitakeri_SORICIDAE_EULIPOTYPHLA"
"Crocidura_xantippe_SORICIDAE_EULIPOTYPHLA"
"Crocidura_yankariensis_SORICIDAE_EULIPOTYPHLA"
"Crocidura_zaphiri_SORICIDAE_EULIPOTYPHLA"
"Crocidura_zimmeri_SORICIDAE_EULIPOTYPHLA"
"Cryptotis_aroensis_SORICIDAE_EULIPOTYPHLA"
"Cryptotis_brachyonyx_SORICIDAE_EULIPOTYPHLA"
"Cryptotis_colombiana_SORICIDAE_EULIPOTYPHLA"
"Cryptotis_endersi_SORICIDAE_EULIPOTYPHLA"
"Cryptotis_equatoris_SORICIDAE_EULIPOTYPHLA"
"Cryptotis_goodwini_SORICIDAE_EULIPOTYPHLA"
"Cryptotis_griseoventris_SORICIDAE_EULIPOTYPHLA"
"Cryptotis_hondurensis_SORICIDAE_EULIPOTYPHLA"
"Cryptotis_lacandonensis_SORICIDAE_EULIPOTYPHLA"
"Cryptotis_lacertosus_SORICIDAE_EULIPOTYPHLA"
"Cryptotis_mam_SORICIDAE_EULIPOTYPHLA"
"Cryptotis_medellinia_SORICIDAE_EULIPOTYPHLA"
"Cryptotis_mera_SORICIDAE_EULIPOTYPHLA"
"Cryptotis_meridensis_SORICIDAE_EULIPOTYPHLA"
"Cryptotis_merriami_SORICIDAE_EULIPOTYPHLA"
"Cryptotis_montivaga_SORICIDAE_EULIPOTYPHLA"
"Cryptotis_niausa_SORICIDAE_EULIPOTYPHLA"
"Cryptotis_oreoryctes_SORICIDAE_EULIPOTYPHLA"
"Cryptotis_orophila_SORICIDAE_EULIPOTYPHLA"
"Cryptotis_perijensis_SORICIDAE_EULIPOTYPHLA"
"Cryptotis_peruviensis_SORICIDAE_EULIPOTYPHLA"
"Cryptotis_squamipes_SORICIDAE_EULIPOTYPHLA"
"Cryptotis_tamensis_SORICIDAE_EULIPOTYPHLA"
"Cryptotis_thomasi_SORICIDAE_EULIPOTYPHLA"
"Cryptotis_tropicalis_SORICIDAE_EULIPOTYPHLA"
"Cryptotis_venezuelensis_SORICIDAE_EULIPOTYPHLA"
"Myosorex_blarina_SORICIDAE_EULIPOTYPHLA"
"Myosorex_bururiensis_SORICIDAE_EULIPOTYPHLA"
"Myosorex_eisentrauti_SORICIDAE_EULIPOTYPHLA"
"Myosorex_gnoskei_SORICIDAE_EULIPOTYPHLA"
"Myosorex_kabogoensis_SORICIDAE_EULIPOTYPHLA"
"Myosorex_longicaudatus_SORICIDAE_EULIPOTYPHLA"
"Myosorex_meesteri_SORICIDAE_EULIPOTYPHLA"
"Myosorex_okuensis_SORICIDAE_EULIPOTYPHLA"
"Myosorex_rumpii_SORICIDAE_EULIPOTYPHLA"
"Myosorex_schalleri_SORICIDAE_EULIPOTYPHLA"
"Myosorex_tenuis_SORICIDAE_EULIPOTYPHLA"
"Notiosorex_evotis_SORICIDAE_EULIPOTYPHLA"
"Notiosorex_villai_SORICIDAE_EULIPOTYPHLA"
"Paracrocidura_graueri_SORICIDAE_EULIPOTYPHLA"
"Sorex_alaskanus_SORICIDAE_EULIPOTYPHLA"
"Sorex_arunchi_SORICIDAE_EULIPOTYPHLA"
"Sorex_buchariensis_SORICIDAE_EULIPOTYPHLA"
"Sorex_cansulus_SORICIDAE_EULIPOTYPHLA"
"Sorex_ixtlanensis_SORICIDAE_EULIPOTYPHLA"
"Sorex_kozlovi_SORICIDAE_EULIPOTYPHLA"
"Sorex_macrodon_SORICIDAE_EULIPOTYPHLA"
"Sorex_mediopua_SORICIDAE_EULIPOTYPHLA"
"Sorex_merriami_SORICIDAE_EULIPOTYPHLA"
"Sorex_oreopolus_SORICIDAE_EULIPOTYPHLA"
"Sorex_orizabae_SORICIDAE_EULIPOTYPHLA"
"Sorex_planiceps_SORICIDAE_EULIPOTYPHLA"
"Sorex_sclateri_SORICIDAE_EULIPOTYPHLA"
"Sorex_sinalis_SORICIDAE_EULIPOTYPHLA"
"Sorex_stizodon_SORICIDAE_EULIPOTYPHLA"
"Sorex_ventralis_SORICIDAE_EULIPOTYPHLA"
"Sorex_veraecrucis_SORICIDAE_EULIPOTYPHLA"
"Sorex_veraepacis_SORICIDAE_EULIPOTYPHLA"
"Suncus_aequatorius_SORICIDAE_EULIPOTYPHLA"
"Suncus_ater_SORICIDAE_EULIPOTYPHLA"
"Suncus_hosei_SORICIDAE_EULIPOTYPHLA"
"Suncus_lixus_SORICIDAE_EULIPOTYPHLA"
"Suncus_mertensi_SORICIDAE_EULIPOTYPHLA"
"Suncus_zeylanicus_SORICIDAE_EULIPOTYPHLA"
"Surdisorex_norae_SORICIDAE_EULIPOTYPHLA"
"Surdisorex_polulus_SORICIDAE_EULIPOTYPHLA"
"Surdisorex_schlitteri_SORICIDAE_EULIPOTYPHLA"
"Sylvisorex_akaibei_SORICIDAE_EULIPOTYPHLA"
"Sylvisorex_camerunensis_SORICIDAE_EULIPOTYPHLA"
"Sylvisorex_corbeti_SORICIDAE_EULIPOTYPHLA"
"Sylvisorex_howelli_SORICIDAE_EULIPOTYPHLA"
"Sylvisorex_isabellae_SORICIDAE_EULIPOTYPHLA"
"Sylvisorex_morio_SORICIDAE_EULIPOTYPHLA"
"Sylvisorex_oriundus_SORICIDAE_EULIPOTYPHLA"
"Sylvisorex_pluvialis_SORICIDAE_EULIPOTYPHLA"
"Sylvisorex_silvanorum_SORICIDAE_EULIPOTYPHLA"
"Myospalax_myospalax_SPALACIDAE_RODENTIA"
"Rhizomys_sumatrensis_SPALACIDAE_RODENTIA"
"Spalax_giganteus_SPALACIDAE_RODENTIA"
"Spalax_uralensis_SPALACIDAE_RODENTIA"
"Tachyoryctes_macrocephalus_SPALACIDAE_RODENTIA"
"Babyrousa_togeanensis_SUIDAE_CETARTIODACTYLA"
"Porcula_salvania_SUIDAE_CETARTIODACTYLA"
"Sus_ahoenobarbus_SUIDAE_CETARTIODACTYLA"
"Sus_bucculentus_SUIDAE_CETARTIODACTYLA"
"Sus_oliveri_SUIDAE_CETARTIODACTYLA"
"Zaglossus_attenboroughi_TACHYGLOSSIDAE_MONOTREMATA"
"Zaglossus_bartoni_TACHYGLOSSIDAE_MONOTREMATA"
"Euroscaptor_grandis_TALPIDAE_EULIPOTYPHLA"
"Euroscaptor_micrura_TALPIDAE_EULIPOTYPHLA"
"Euroscaptor_subanura_TALPIDAE_EULIPOTYPHLA"
"Mogera_etigo_TALPIDAE_EULIPOTYPHLA"
"Mogera_uchidai_TALPIDAE_EULIPOTYPHLA"
"Talpa_davidiana_TALPIDAE_EULIPOTYPHLA"
"Tarsius_pelengensis_TARSIIDAE_PRIMATES"
"Tarsius_pumilus_TARSIIDAE_PRIMATES"
"Tarsius_sangirensis_TARSIIDAE_PRIMATES"
"Tarsius_tumpara_TARSIIDAE_PRIMATES"
"Hemicentetes_nigriceps_TENRECIDAE_AFROSORICIDA"
"Microgale_dobsoni_TENRECIDAE_AFROSORICIDA"
"Microgale_drouhardi_TENRECIDAE_AFROSORICIDA"
"Microgale_dryas_TENRECIDAE_AFROSORICIDA"
"Microgale_fotsifotsy_TENRECIDAE_AFROSORICIDA"
"Microgale_gracilis_TENRECIDAE_AFROSORICIDA"
"Microgale_gymnorhyncha_TENRECIDAE_AFROSORICIDA"
"Microgale_jenkinsae_TENRECIDAE_AFROSORICIDA"
"Microgale_jobihely_TENRECIDAE_AFROSORICIDA"
"Microgale_monticola_TENRECIDAE_AFROSORICIDA"
"Microgale_nasoloi_TENRECIDAE_AFROSORICIDA"
"Microgale_parvula_TENRECIDAE_AFROSORICIDA"
"Microgale_soricoides_TENRECIDAE_AFROSORICIDA"
"Microgale_taiva_TENRECIDAE_AFROSORICIDA"
"Microgale_thomasi_TENRECIDAE_AFROSORICIDA"
"Micropotamogale_ruwenzorii_TENRECIDAE_AFROSORICIDA"
"Oryzorictes_tetradactylus_TENRECIDAE_AFROSORICIDA"
"Thryonomys_gregorianus_THRYONOMYIDAE_RODENTIA"
"Thylacinus_cynocephalus_THYLACINIDAE_DASYUROMORPHIA"
"Macrotis_leucura_THYLACOMYIDAE_PERAMELEMORPHIA"
"Thyroptera_devivoi_THYROPTERIDAE_CHIROPTERA"
"Thyroptera_wynneae_THYROPTERIDAE_CHIROPTERA"
"Moschiola_kathygre_TRAGULIDAE_CETARTIODACTYLA"
"Tragulus_nigricans_TRAGULIDAE_CETARTIODACTYLA"
"Tragulus_versicolor_TRAGULIDAE_CETARTIODACTYLA"
"Tragulus_williamsoni_TRAGULIDAE_CETARTIODACTYLA"
"Anathana_ellioti_TUPAIIDAE_SCANDENTIA"
"Tupaia_chrysogaster_TUPAIIDAE_SCANDENTIA"
"Tupaia_javanica_TUPAIIDAE_SCANDENTIA"
"Tupaia_moellendorffi_TUPAIIDAE_SCANDENTIA"
"Tupaia_montana_TUPAIIDAE_SCANDENTIA"
"Tupaia_nicobarica_TUPAIIDAE_SCANDENTIA"
"Tupaia_picta_TUPAIIDAE_SCANDENTIA"
"Arielulus_cuprosus_VESPERTILIONIDAE_CHIROPTERA"
"Arielulus_societatis_VESPERTILIONIDAE_CHIROPTERA"
"Arielulus_torquatus_VESPERTILIONIDAE_CHIROPTERA"
"Chalinolobus_dwyeri_VESPERTILIONIDAE_CHIROPTERA"
"Chalinolobus_neocaledonicus_VESPERTILIONIDAE_CHIROPTERA"
"Chalinolobus_picatus_VESPERTILIONIDAE_CHIROPTERA"
"Eptesicus_andinus_VESPERTILIONIDAE_CHIROPTERA"
"Eptesicus_floweri_VESPERTILIONIDAE_CHIROPTERA"
"Eptesicus_guadeloupensis_VESPERTILIONIDAE_CHIROPTERA"
"Eptesicus_innoxius_VESPERTILIONIDAE_CHIROPTERA"
"Eptesicus_japonensis_VESPERTILIONIDAE_CHIROPTERA"
"Eptesicus_kobayashii_VESPERTILIONIDAE_CHIROPTERA"
"Eptesicus_lobatus_VESPERTILIONIDAE_CHIROPTERA"
"Eptesicus_pachyotis_VESPERTILIONIDAE_CHIROPTERA"
"Eptesicus_platyops_VESPERTILIONIDAE_CHIROPTERA"
"Eptesicus_tatei_VESPERTILIONIDAE_CHIROPTERA"
"Eudiscoderma_thongareeae_VESPERTILIONIDAE_CHIROPTERA"
"Eudiscopus_denticulus_VESPERTILIONIDAE_CHIROPTERA"
"Falsistrellus_affinis_VESPERTILIONIDAE_CHIROPTERA"
"Falsistrellus_mackenziei_VESPERTILIONIDAE_CHIROPTERA"
"Falsistrellus_mordax_VESPERTILIONIDAE_CHIROPTERA"
"Falsistrellus_tasmaniensis_VESPERTILIONIDAE_CHIROPTERA"
"Glauconycteris_alboguttata_VESPERTILIONIDAE_CHIROPTERA"
"Glauconycteris_curryae_VESPERTILIONIDAE_CHIROPTERA"
"Glauconycteris_gleni_VESPERTILIONIDAE_CHIROPTERA"
"Glauconycteris_humeralis_VESPERTILIONIDAE_CHIROPTERA"
"Glauconycteris_kenyacola_VESPERTILIONIDAE_CHIROPTERA"
"Glauconycteris_machadoi_VESPERTILIONIDAE_CHIROPTERA"
"Glauconycteris_superba_VESPERTILIONIDAE_CHIROPTERA"
"Glischropus_aquilus_VESPERTILIONIDAE_CHIROPTERA"
"Glischropus_bucephalus_VESPERTILIONIDAE_CHIROPTERA"
"Glischropus_javanus_VESPERTILIONIDAE_CHIROPTERA"
"Harpiola_grisea_VESPERTILIONIDAE_CHIROPTERA"
"Hesperoptenus_doriae_VESPERTILIONIDAE_CHIROPTERA"
"Hesperoptenus_gaskelli_VESPERTILIONIDAE_CHIROPTERA"
"Hesperoptenus_tickelli_VESPERTILIONIDAE_CHIROPTERA"
"Histiotus_alienus_VESPERTILIONIDAE_CHIROPTERA"
"Histiotus_humboldti_VESPERTILIONIDAE_CHIROPTERA"
"Histiotus_laephotis_VESPERTILIONIDAE_CHIROPTERA"
"Histiotus_montanus_VESPERTILIONIDAE_CHIROPTERA"
"Histiotus_velatus_VESPERTILIONIDAE_CHIROPTERA"
"Hypsugo_dolichodon_VESPERTILIONIDAE_CHIROPTERA"
"Hypsugo_lanzai_VESPERTILIONIDAE_CHIROPTERA"
"Kerivoula_africana_VESPERTILIONIDAE_CHIROPTERA"
"Kerivoula_agnella_VESPERTILIONIDAE_CHIROPTERA"
"Kerivoula_argentata_VESPERTILIONIDAE_CHIROPTERA"
"Kerivoula_cuprosa_VESPERTILIONIDAE_CHIROPTERA"
"Kerivoula_eriophora_VESPERTILIONIDAE_CHIROPTERA"
"Kerivoula_flora_VESPERTILIONIDAE_CHIROPTERA"
"Kerivoula_lanosa_VESPERTILIONIDAE_CHIROPTERA"
"Kerivoula_muscina_VESPERTILIONIDAE_CHIROPTERA"
"Kerivoula_myrella_VESPERTILIONIDAE_CHIROPTERA"
"Kerivoula_phalaena_VESPERTILIONIDAE_CHIROPTERA"
"Kerivoula_smithii_VESPERTILIONIDAE_CHIROPTERA"
"Laephotis_angolensis_VESPERTILIONIDAE_CHIROPTERA"
"Lasiurus_castaneus_VESPERTILIONIDAE_CHIROPTERA"
"Lasiurus_degelidus_VESPERTILIONIDAE_CHIROPTERA"
"Lasiurus_ebenus_VESPERTILIONIDAE_CHIROPTERA"
"Lasiurus_insularis_VESPERTILIONIDAE_CHIROPTERA"
"Lasiurus_minor_VESPERTILIONIDAE_CHIROPTERA"
"Lasiurus_pfeifferi_VESPERTILIONIDAE_CHIROPTERA"
"Lasiurus_varius_VESPERTILIONIDAE_CHIROPTERA"
"Mimetillus_moloneyi_VESPERTILIONIDAE_CHIROPTERA"
"Miniopterus_ambohitrensis_VESPERTILIONIDAE_CHIROPTERA"
"Miniopterus_brachytragos_VESPERTILIONIDAE_CHIROPTERA"
"Miniopterus_egeri_VESPERTILIONIDAE_CHIROPTERA"
"Miniopterus_maghrebensis_VESPERTILIONIDAE_CHIROPTERA"
"Miniopterus_mahafaliensis_VESPERTILIONIDAE_CHIROPTERA"
"Miniopterus_mossambicus_VESPERTILIONIDAE_CHIROPTERA"
"Miniopterus_newtoni_VESPERTILIONIDAE_CHIROPTERA"
"Miniopterus_oceanensis_VESPERTILIONIDAE_CHIROPTERA"
"Miniopterus_paululus_VESPERTILIONIDAE_CHIROPTERA"
"Miniopterus_robustior_VESPERTILIONIDAE_CHIROPTERA"
"Miniopterus_shortridgei_VESPERTILIONIDAE_CHIROPTERA"
"Miniopterus_sororculus_VESPERTILIONIDAE_CHIROPTERA"
"Murina_balaensis_VESPERTILIONIDAE_CHIROPTERA"
"Murina_beelzebub_VESPERTILIONIDAE_CHIROPTERA"
"Murina_fusca_VESPERTILIONIDAE_CHIROPTERA"
"Murina_guilleni_VESPERTILIONIDAE_CHIROPTERA"
"Murina_harrisoni_VESPERTILIONIDAE_CHIROPTERA"
"Murina_tenebrosa_VESPERTILIONIDAE_CHIROPTERA"
"Myotis_aelleni_VESPERTILIONIDAE_CHIROPTERA"
"Myotis_ater_VESPERTILIONIDAE_CHIROPTERA"
"Myotis_australis_VESPERTILIONIDAE_CHIROPTERA"
"Myotis_badius_VESPERTILIONIDAE_CHIROPTERA"
"Myotis_bucharensis_VESPERTILIONIDAE_CHIROPTERA"
"Myotis_cobanensis_VESPERTILIONIDAE_CHIROPTERA"
"Myotis_csorbai_VESPERTILIONIDAE_CHIROPTERA"
"Myotis_dieteri_VESPERTILIONIDAE_CHIROPTERA"
"Myotis_diminutus_VESPERTILIONIDAE_CHIROPTERA"
"Myotis_dinellii_VESPERTILIONIDAE_CHIROPTERA"
"Myotis_findleyi_VESPERTILIONIDAE_CHIROPTERA"
"Myotis_handleyi_VESPERTILIONIDAE_CHIROPTERA"
"Myotis_hermani_VESPERTILIONIDAE_CHIROPTERA"
"Myotis_insularum_VESPERTILIONIDAE_CHIROPTERA"
"Myotis_izecksohni_VESPERTILIONIDAE_CHIROPTERA"
"Myotis_lavali_VESPERTILIONIDAE_CHIROPTERA"
"Myotis_midastactus_VESPERTILIONIDAE_CHIROPTERA"
"Myotis_moluccarum_VESPERTILIONIDAE_CHIROPTERA"
"Myotis_morrisi_VESPERTILIONIDAE_CHIROPTERA"
"Myotis_occultus_VESPERTILIONIDAE_CHIROPTERA"
"Myotis_oreias_VESPERTILIONIDAE_CHIROPTERA"
"Myotis_peninsularis_VESPERTILIONIDAE_CHIROPTERA"
"Myotis_planiceps_VESPERTILIONIDAE_CHIROPTERA"
"Myotis_rufopictus_VESPERTILIONIDAE_CHIROPTERA"
"Myotis_soror_VESPERTILIONIDAE_CHIROPTERA"
"Myotis_stalkeri_VESPERTILIONIDAE_CHIROPTERA"
"Neoromicia_flavescens_VESPERTILIONIDAE_CHIROPTERA"
"Neoromicia_helios_VESPERTILIONIDAE_CHIROPTERA"
"Neoromicia_melckorum_VESPERTILIONIDAE_CHIROPTERA"
"Neoromicia_zuluensis_VESPERTILIONIDAE_CHIROPTERA"
"Nyctalus_furvus_VESPERTILIONIDAE_CHIROPTERA"
"Nyctalus_montanus_VESPERTILIONIDAE_CHIROPTERA"
"Nycticeius_aenobarbus_VESPERTILIONIDAE_CHIROPTERA"
"Nycticeius_cubanus_VESPERTILIONIDAE_CHIROPTERA"
"Nyctophilus_bifax_VESPERTILIONIDAE_CHIROPTERA"
"Nyctophilus_corbeni_VESPERTILIONIDAE_CHIROPTERA"
"Nyctophilus_geoffroyi_VESPERTILIONIDAE_CHIROPTERA"
"Nyctophilus_gouldi_VESPERTILIONIDAE_CHIROPTERA"
"Nyctophilus_heran_VESPERTILIONIDAE_CHIROPTERA"
"Nyctophilus_howensis_VESPERTILIONIDAE_CHIROPTERA"
"Nyctophilus_microdon_VESPERTILIONIDAE_CHIROPTERA"
"Nyctophilus_microtis_VESPERTILIONIDAE_CHIROPTERA"
"Nyctophilus_nebulosus_VESPERTILIONIDAE_CHIROPTERA"
"Nyctophilus_sherrini_VESPERTILIONIDAE_CHIROPTERA"
"Nyctophilus_shirleyae_VESPERTILIONIDAE_CHIROPTERA"
"Nyctophilus_timoriensis_VESPERTILIONIDAE_CHIROPTERA"
"Nyctophilus_walkeri_VESPERTILIONIDAE_CHIROPTERA"
"Pharotis_imogene_VESPERTILIONIDAE_CHIROPTERA"
"Phoniscus_aerosa_VESPERTILIONIDAE_CHIROPTERA"
"Phoniscus_atrox_VESPERTILIONIDAE_CHIROPTERA"
"Phoniscus_jagorii_VESPERTILIONIDAE_CHIROPTERA"
"Phoniscus_papuensis_VESPERTILIONIDAE_CHIROPTERA"
"Pipistrellus_adamsi_VESPERTILIONIDAE_CHIROPTERA"
"Pipistrellus_aero_VESPERTILIONIDAE_CHIROPTERA"
"Pipistrellus_angulatus_VESPERTILIONIDAE_CHIROPTERA"
"Pipistrellus_anthonyi_VESPERTILIONIDAE_CHIROPTERA"
"Pipistrellus_arabicus_VESPERTILIONIDAE_CHIROPTERA"
"Pipistrellus_collinus_VESPERTILIONIDAE_CHIROPTERA"
"Pipistrellus_endoi_VESPERTILIONIDAE_CHIROPTERA"
"Pipistrellus_imbricatus_VESPERTILIONIDAE_CHIROPTERA"
"Pipistrellus_inexspectatus_VESPERTILIONIDAE_CHIROPTERA"
"Pipistrellus_joffrei_VESPERTILIONIDAE_CHIROPTERA"
"Pipistrellus_kitcheneri_VESPERTILIONIDAE_CHIROPTERA"
"Pipistrellus_lophurus_VESPERTILIONIDAE_CHIROPTERA"
"Pipistrellus_macrotis_VESPERTILIONIDAE_CHIROPTERA"
"Pipistrellus_minahassae_VESPERTILIONIDAE_CHIROPTERA"
"Pipistrellus_murrayi_VESPERTILIONIDAE_CHIROPTERA"
"Pipistrellus_musciculus_VESPERTILIONIDAE_CHIROPTERA"
"Pipistrellus_nanulus_VESPERTILIONIDAE_CHIROPTERA"
"Pipistrellus_papuanus_VESPERTILIONIDAE_CHIROPTERA"
"Pipistrellus_permixtus_VESPERTILIONIDAE_CHIROPTERA"
"Pipistrellus_raceyi_VESPERTILIONIDAE_CHIROPTERA"
"Pipistrellus_rusticus_VESPERTILIONIDAE_CHIROPTERA"
"Pipistrellus_sturdeei_VESPERTILIONIDAE_CHIROPTERA"
"Pipistrellus_vordermanni_VESPERTILIONIDAE_CHIROPTERA"
"Pipistrellus_wattsi_VESPERTILIONIDAE_CHIROPTERA"
"Pipistrellus_westralis_VESPERTILIONIDAE_CHIROPTERA"
"Plecotus_sacrimontis_VESPERTILIONIDAE_CHIROPTERA"
"Plecotus_taivanus_VESPERTILIONIDAE_CHIROPTERA"
"Rhogeessa_bickhami_VESPERTILIONIDAE_CHIROPTERA"
"Rhogeessa_hussoni_VESPERTILIONIDAE_CHIROPTERA"
"Rhogeessa_menchuae_VESPERTILIONIDAE_CHIROPTERA"
"Rhogeessa_minutilla_VESPERTILIONIDAE_CHIROPTERA"
"Scoteanax_rueppellii_VESPERTILIONIDAE_CHIROPTERA"
"Scotoecus_albofuscus_VESPERTILIONIDAE_CHIROPTERA"
"Scotoecus_pallidus_VESPERTILIONIDAE_CHIROPTERA"
"Scotophilus_celebensis_VESPERTILIONIDAE_CHIROPTERA"
"Scotophilus_collinus_VESPERTILIONIDAE_CHIROPTERA"
"Scotophilus_nucella_VESPERTILIONIDAE_CHIROPTERA"
"Scotorepens_balstoni_VESPERTILIONIDAE_CHIROPTERA"
"Scotorepens_greyii_VESPERTILIONIDAE_CHIROPTERA"
"Scotorepens_orion_VESPERTILIONIDAE_CHIROPTERA"
"Scotorepens_sanborni_VESPERTILIONIDAE_CHIROPTERA"
"Scotozous_dormeri_VESPERTILIONIDAE_CHIROPTERA"
"Tylonycteris_pygmaeus_VESPERTILIONIDAE_CHIROPTERA"
"Vespadelus_baverstocki_VESPERTILIONIDAE_CHIROPTERA"
"Vespadelus_caurinus_VESPERTILIONIDAE_CHIROPTERA"
"Vespadelus_darlingtoni_VESPERTILIONIDAE_CHIROPTERA"
"Vespadelus_douglasorum_VESPERTILIONIDAE_CHIROPTERA"
"Vespadelus_finlaysoni_VESPERTILIONIDAE_CHIROPTERA"
"Vespadelus_pumilus_VESPERTILIONIDAE_CHIROPTERA"
"Vespadelus_troughtoni_VESPERTILIONIDAE_CHIROPTERA"
"Genetta_abyssinica_VIVERRIDAE_CARNIVORA"
"Paradoxurus_stenocephalus_VIVERRIDAE_CARNIVORA"
"Poiana_leightoni_VIVERRIDAE_CARNIVORA"
"Viverra_civettina_VIVERRIDAE_CARNIVORA"
"Indopacetus_pacificus_ZIPHIIDAE_CETARTIODACTYLA"
"Mesoplodon_bowdoini_ZIPHIIDAE_CETARTIODACTYLA"
"Mesoplodon_ginkgodens_ZIPHIIDAE_CETARTIODACTYLA"
"Mesoplodon_perrini_ZIPHIIDAE_CETARTIODACTYLA"
