Anomalurus_beecrofti__ANOMALURIDAE__RODENTIA	ANOMALURIDAE__RODENTIA	Anomalurus_beecrofti	Anomalurus_beecrofti__ANOMALURIDAE
Bison_bison__BOVIDAE__CETARTIODACTYLA	BOVIDAE__CETARTIODACTYLA	Bison_bison	Bison_bison__BOVIDAE
Callithrix_jacchus__CALLITRICHIDAE__PRIMATES	CALLITRICHIDAE__PRIMATES	Callithrix_jacchus	Callithrix_jacchus__CALLITRICHIDAE
Calomyscus_baluchi__CALOMYSCIDAE__RODENTIA	CALOMYSCIDAE__RODENTIA	Calomyscus_baluchi	Calomyscus_baluchi__CALOMYSCIDAE
Castor_canadensis__CASTORIDAE__RODENTIA	CASTORIDAE__RODENTIA	Castor_canadensis	Castor_canadensis__CASTORIDAE
Cricetomys_gambianus__NESOMYIDAE__RODENTIA	NESOMYIDAE__RODENTIA	Cricetomys_gambianus	Cricetomys_gambianus__NESOMYIDAE
Cricetulus_barabensis__CRICETIDAE__RODENTIA	CRICETIDAE__RODENTIA	Cricetulus_barabensis	Cricetulus_barabensis__CRICETIDAE
Dasypus_novemcinctus__DASYPODIDAE__CINGULATA	DASYPODIDAE__CINGULATA	Dasypus_novemcinctus	Dasypus_novemcinctus__DASYPODIDAE
Eptesicus_fuscus__VESPERTILIONIDAE__CHIROPTERA	VESPERTILIONIDAE__CHIROPTERA	Eptesicus_fuscus	Eptesicus_fuscus__VESPERTILIONIDAE
Equus_caballus__EQUIDAE__PERISSODACTYLA	EQUIDAE__PERISSODACTYLA	Equus_caballus	Equus_caballus__EQUIDAE
Erethizon_dorsatum__ERETHIZONTIDAE__RODENTIA	ERETHIZONTIDAE__RODENTIA	Erethizon_dorsatum	Erethizon_dorsatum__ERETHIZONTIDAE
Erinaceus_europaeus__ERINACEIDAE__EULIPOTYPHLA	ERINACEIDAE__EULIPOTYPHLA	Erinaceus_europaeus	Erinaceus_europaeus__ERINACEIDAE
Felis_catus__FELIDAE__CARNIVORA	FELIDAE__CARNIVORA	Felis_catus	Felis_catus__FELIDAE
Galeopterus_variegatus__CYNOCEPHALIDAE__DERMOPTERA	CYNOCEPHALIDAE__DERMOPTERA	Galeopterus_variegatus	Galeopterus_variegatus__CYNOCEPHALIDAE
Ictidomys_tridecemlineatus__SCIURIDAE__RODENTIA	SCIURIDAE__RODENTIA	Ictidomys_tridecemlineatus	Ictidomys_tridecemlineatus__SCIURIDAE
Jaculus_jaculus__DIPODIDAE__RODENTIA	DIPODIDAE__RODENTIA	Jaculus_jaculus	Jaculus_jaculus__DIPODIDAE
Manis_pentadactyla__MANIDAE__PHOLIDOTA	MANIDAE__PHOLIDOTA	Manis_pentadactyla	Manis_pentadactyla__MANIDAE
Ornithorhynchus_anatinus__ORNITHORHYNCHIDAE__MONOTREMATA	ORNITHORHYNCHIDAE__MONOTREMATA	Ornithorhynchus_anatinus	Ornithorhynchus_anatinus__ORNITHORHYNCHIDAE
Oryctolagus_cuniculus__LEPORIDAE__LAGOMORPHA	LEPORIDAE__LAGOMORPHA	Oryctolagus_cuniculus	Oryctolagus_cuniculus__LEPORIDAE
Pteronotus_parnellii__MORMOOPIDAE__CHIROPTERA	MORMOOPIDAE__CHIROPTERA	Pteronotus_parnellii	Pteronotus_parnellii__MORMOOPIDAE
Pteropus_alecto__PTEROPODIDAE__CHIROPTERA	PTEROPODIDAE__CHIROPTERA	Pteropus_alecto	Pteropus_alecto__PTEROPODIDAE
Rattus_norvegicus__MURIDAE__RODENTIA	MURIDAE__RODENTIA	Rattus_norvegicus	Rattus_norvegicus__MURIDAE
Saccopteryx_bilineata__EMBALLONURIDAE__CHIROPTERA	EMBALLONURIDAE__CHIROPTERA	Saccopteryx_bilineata	Saccopteryx_bilineata__EMBALLONURIDAE
Spalax_ehrenbergi__SPALACIDAE__RODENTIA	SPALACIDAE__RODENTIA	Spalax_ehrenbergi	Spalax_ehrenbergi__SPALACIDAE
Trichechus_manatus__TRICHECHIDAE__SIRENIA	TRICHECHIDAE__SIRENIA	Trichechus_manatus	Trichechus_manatus__TRICHECHIDAE
Tupaia_belangeri__TUPAIIDAE__SCANDENTIA	TUPAIIDAE__SCANDENTIA	Tupaia_belangeri	Tupaia_belangeri__TUPAIIDAE
Typhlomys_cinereus__PLATACANTHOMYIDAE__RODENTIA	PLATACANTHOMYIDAE__RODENTIA	Typhlomys_cinereus	Typhlomys_cinereus__PLATACANTHOMYIDAE
Vombatus_ursinus__VOMBATIDAE__DIPROTODONTIA	VOMBATIDAE__DIPROTODONTIA	Vombatus_ursinus	Vombatus_ursinus__VOMBATIDAE